Product_Name,Category_Name,HW_RMSE,Naive_RMSE,HW_RMSE_%,Naive_RMSE_%,Better_Than_Naive,Model_Status
Automotive_Item_001,Automotive,1246.4,2206.02,134.45,237.96,True,OK
Automotive_Item_002,Automotive,531.11,291.89,182.91,100.52,False,UNSTABLE
Automotive_Item_003,Automotive,3224.0,7422.18,73.15,168.39,True,OK
Automotive_Item_004,Automotive,4251.65,2712.55,58.13,37.08,False,UNSTABLE
Automotive_Item_005,Automotive,47.19,47.91,67.74,68.78,True,OK
Automotive_Item_006,Automotive,612.09,269.18,75.36,33.14,False,UNSTABLE
Automotive_Item_007,Automotive,148.75,262.14,35.49,62.54,True,OK
Automotive_Item_008,Automotive,96.97,81.46,89.07,74.82,False,UNSTABLE
Automotive_Item_009,Automotive,28.52,30.81,88.37,95.48,True,OK
Automotive_Item_010,Automotive,62.24,244.6,204.42,803.44,True,OK
Automotive_Item_011,Automotive,10.83,13.45,107.35,133.3,True,OK
Automotive_Item_012,Automotive,17.64,16.23,105.82,97.37,False,UNSTABLE
Automotive_Item_013,Automotive,33.37,35.91,115.14,123.92,True,OK
Automotive_Item_014,Automotive,25.83,31.75,82.03,100.82,True,OK
Automotive_Item_015,Automotive,1107.07,129.1,85.54,9.97,False,UNSTABLE
Automotive_Item_016,Automotive,1412.36,364.01,103.01,26.55,False,UNSTABLE
Automotive_Item_017,Automotive,1385.84,238.26,48.22,8.29,False,UNSTABLE
Automotive_Item_018,Automotive,7.43,9.6,137.49,177.54,True,OK
Automotive_Item_019,Automotive,240.86,234.98,259.51,253.17,False,UNSTABLE
Automotive_Item_020,Automotive,518.2,521.58,32.88,33.1,True,OK
Automotive_Item_021,Automotive,198.18,78.56,41.77,16.56,False,UNSTABLE
Automotive_Item_022,Automotive,21.37,7.04,117.52,38.69,False,UNSTABLE
Automotive_Item_023,Automotive,44.06,77.48,123.45,217.13,True,OK
Automotive_Item_024,Automotive,380.35,126.54,103.29,34.37,False,UNSTABLE
Automotive_Item_025,Automotive,15.96,24.97,148.57,232.51,True,OK
Automotive_Item_026,Automotive,5.88,8.76,62.42,92.89,True,OK
Automotive_Item_027,Automotive,8.71,22.24,40.03,102.26,True,OK
Automotive_Item_028,Automotive,726.48,133.45,160.42,29.47,False,UNSTABLE
Automotive_Item_029,Automotive,36.82,23.2,93.6,58.99,False,UNSTABLE
Automotive_Item_030,Automotive,361.1,423.36,116.49,136.57,True,OK
Automotive_Item_031,Automotive,42.4,45.13,84.61,90.07,True,OK
Automotive_Item_032,Automotive,11.58,9.64,115.99,96.62,False,UNSTABLE
Automotive_Item_033,Automotive,1738.09,1481.64,53.82,45.88,False,UNSTABLE
Automotive_Item_034,Automotive,29.29,22.36,38.02,29.03,False,UNSTABLE
Automotive_Item_035,Automotive,771.45,730.3,41.7,39.48,False,UNSTABLE
Automotive_Item_036,Automotive,310.93,313.58,91.25,92.03,True,OK
Automotive_Item_037,Automotive,415.71,412.31,132.83,131.74,False,UNSTABLE
Automotive_Item_038,Automotive,246.11,182.57,83.58,62.01,False,UNSTABLE
Automotive_Item_039,Automotive,197.95,297.38,189.81,285.16,True,OK
Automotive_Item_040,Automotive,387.81,505.95,46.99,61.3,True,OK
Automotive_Item_041,Automotive,372.51,798.84,205.66,441.03,True,OK
Automotive_Item_042,Automotive,1494.58,2137.03,73.76,105.47,True,OK
Automotive_Item_043,Automotive,413.29,629.83,68.8,104.84,True,OK
Automotive_Item_044,Automotive,595.97,944.37,126.51,200.46,True,OK
Automotive_Item_045,Automotive,308.93,372.78,139.62,168.47,True,OK
Automotive_Item_046,Automotive,146.36,135.83,507.2,470.7,False,UNSTABLE
Automotive_Item_047,Automotive,165.98,104.48,58.62,36.9,False,UNSTABLE
Automotive_Item_048,Automotive,142.43,85.34,47.82,28.66,False,UNSTABLE
Automotive_Item_049,Automotive,160.14,74.61,83.33,38.82,False,UNSTABLE
Automotive_Item_050,Automotive,75.69,101.24,21.34,28.55,True,OK
Automotive_Item_051,Automotive,1039.76,1630.97,65.66,103.0,True,OK
Automotive_Item_052,Automotive,108.3,253.87,68.28,160.06,True,OK
Automotive_Item_053,Automotive,445.68,516.2,60.33,69.88,True,OK
Automotive_Item_054,Automotive,3271.19,3040.77,50.98,47.38,False,UNSTABLE
Automotive_Item_055,Automotive,3848.75,2642.84,49.31,33.86,False,UNSTABLE
Automotive_Item_056,Automotive,166.12,468.38,52.46,147.91,True,OK
Automotive_Item_057,Automotive,63.43,52.92,144.51,120.57,False,UNSTABLE
Automotive_Item_058,Automotive,76.67,57.49,41.53,31.15,False,UNSTABLE
Automotive_Item_059,Automotive,12.05,20.68,81.85,140.44,True,OK
Automotive_Item_060,Automotive,4.19,1.68,62.88,25.25,False,UNSTABLE
Automotive_Item_062,Automotive,39.74,40.88,113.0,116.26,True,OK
Automotive_Item_063,Automotive,15.51,109.29,109.57,771.97,True,OK
Automotive_Item_064,Automotive,7.05,6.47,101.18,92.89,False,UNSTABLE
Automotive_Item_065,Automotive,40.33,32.51,49.43,39.84,False,UNSTABLE
Automotive_Item_066,Automotive,471.15,467.5,53.36,52.94,False,UNSTABLE
Automotive_Item_067,Automotive,18.03,20.54,170.53,194.27,True,OK
Automotive_Item_068,Automotive,325.57,603.29,99.37,184.13,True,OK
Automotive_Item_069,Automotive,34.49,81.26,122.12,287.74,True,OK
Automotive_Item_070,Automotive,208.44,105.98,99.13,50.4,False,UNSTABLE
Automotive_Item_071,Automotive,122.86,170.08,150.37,208.16,True,OK
Automotive_Item_072,Automotive,28.93,39.37,138.13,187.96,True,OK
Automotive_Item_073,Automotive,32.98,18.36,107.97,60.1,False,UNSTABLE
Automotive_Item_074,Automotive,70.91,199.0,158.7,445.33,True,OK
Automotive_Item_075,Automotive,143.87,106.11,118.83,87.64,False,UNSTABLE
Automotive_Item_076,Automotive,32.58,18.04,132.17,73.2,False,UNSTABLE
Automotive_Item_077,Automotive,548.34,601.8,64.0,70.24,True,OK
Automotive_Item_078,Automotive,100.52,155.19,58.47,90.28,True,OK
Automotive_Item_079,Automotive,88.51,89.35,446.89,451.11,True,OK
Automotive_Item_080,Automotive,13.3,11.95,65.14,58.51,False,UNSTABLE
Automotive_Item_081,Automotive,191.37,416.96,45.5,99.14,True,OK
Automotive_Item_082,Automotive,1627.2,2672.3,44.88,73.71,True,OK
Automotive_Item_083,Automotive,5.0,19.15,79.69,305.09,True,OK
Automotive_Item_084,Automotive,42.85,40.91,77.28,73.78,False,UNSTABLE
Automotive_Item_085,Automotive,63.02,30.4,122.42,59.05,False,UNSTABLE
Automotive_Item_086,Automotive,435.39,180.38,55.44,22.97,False,UNSTABLE
Automotive_Item_087,Automotive,19.14,21.55,18.66,21.01,True,OK
Automotive_Item_088,Automotive,23.91,30.02,27.43,34.43,True,OK
Automotive_Item_089,Automotive,407.07,770.44,119.14,225.48,True,OK
Automotive_Item_090,Automotive,236.28,125.43,88.32,46.89,False,UNSTABLE
Automotive_Item_091,Automotive,2236.68,2196.99,78.63,77.23,False,UNSTABLE
Automotive_Item_092,Automotive,94.89,130.71,42.53,58.58,True,OK
Automotive_Item_093,Automotive,155.78,296.98,77.07,146.93,True,OK
Automotive_Item_094,Automotive,369.44,397.09,393.02,422.44,True,OK
Automotive_Item_095,Automotive,4526.29,5189.33,59.53,68.25,True,OK
Automotive_Item_096,Automotive,211.8,198.35,190.19,178.12,False,UNSTABLE
Automotive_Item_097,Automotive,123.04,96.07,65.93,51.48,False,UNSTABLE
Automotive_Item_098,Automotive,36.2,35.83,58.45,57.86,False,UNSTABLE
Automotive_Item_100,Automotive,286.57,273.76,66.0,63.05,False,UNSTABLE
Automotive_Item_101,Automotive,185.7,89.84,179.97,87.07,False,UNSTABLE
Automotive_Item_102,Automotive,46.72,45.72,131.83,129.01,False,UNSTABLE
Automotive_Item_103,Automotive,153.05,163.32,145.51,155.27,True,OK
Automotive_Item_104,Automotive,10.38,13.8,51.96,69.07,True,OK
Automotive_Item_105,Automotive,157.06,133.35,80.87,68.67,False,UNSTABLE
Automotive_Item_106,Automotive,10.31,13.52,175.15,229.59,True,OK
Automotive_Item_107,Automotive,37.57,21.02,111.82,62.55,False,UNSTABLE
Automotive_Item_108,Automotive,14.4,13.81,103.09,98.93,False,UNSTABLE
Automotive_Item_109,Automotive,10.41,14.4,68.41,94.62,True,OK
Automotive_Item_110,Automotive,6.95,7.82,158.86,178.67,True,OK
Automotive_Item_111,Automotive,23.91,26.07,81.61,89.0,True,OK
Automotive_Item_112,Automotive,13.14,9.86,107.38,80.53,False,UNSTABLE
Automotive_Item_113,Automotive,106.44,93.12,102.2,89.41,False,UNSTABLE
Automotive_Item_114,Automotive,30.51,27.57,175.96,159.02,False,UNSTABLE
Automotive_Item_115,Automotive,7.98,6.07,327.17,248.83,False,UNSTABLE
Automotive_Item_116,Automotive,24.15,18.23,224.39,169.39,False,UNSTABLE
Automotive_Item_117,Automotive,52.06,26.15,162.27,81.52,False,UNSTABLE
Automotive_Item_118,Automotive,11.48,11.08,362.1,349.3,False,UNSTABLE
Automotive_Item_119,Automotive,13.47,12.19,257.04,232.56,False,UNSTABLE
Automotive_Item_120,Automotive,2.2,1.87,207.7,176.49,False,UNSTABLE
Automotive_Item_121,Automotive,8.24,3.65,182.13,80.72,False,UNSTABLE
Automotive_Item_125,Automotive,14.73,13.8,981.97,919.74,False,UNSTABLE
Automotive_Item_126,Automotive,6.07,9.84,167.92,272.31,True,OK
Automotive_Item_127,Automotive,385.98,273.14,62.66,44.34,False,UNSTABLE
Automotive_Item_128,Automotive,52.6,80.65,92.7,142.13,True,OK
Automotive_Item_129,Automotive,73.5,6.99,270.66,25.73,False,UNSTABLE
Automotive_Item_130,Automotive,4.95,6.96,24.58,34.59,True,OK
Automotive_Item_131,Automotive,8.69,15.87,38.34,70.03,True,OK
Automotive_Item_132,Automotive,116.27,47.44,53.66,21.9,False,UNSTABLE
Automotive_Item_133,Automotive,35.59,54.01,148.78,225.76,True,OK
Automotive_Item_135,Automotive,252.87,180.21,230.31,164.13,False,UNSTABLE
Automotive_Item_136,Automotive,419.92,358.74,72.59,62.01,False,UNSTABLE
Automotive_Item_137,Automotive,108.1,107.4,51.53,51.2,False,UNSTABLE
Automotive_Item_138,Automotive,194.39,417.58,69.09,148.42,True,OK
Automotive_Item_139,Automotive,131.61,214.74,100.2,163.49,True,OK
Automotive_Item_140,Automotive,57.51,70.95,124.04,153.02,True,OK
Automotive_Item_142,Automotive,115.61,92.74,178.13,142.89,False,UNSTABLE
Automotive_Item_143,Automotive,9.35,4.93,76.98,40.61,False,UNSTABLE
Beauty_Item_001,Beauty,26.46,66.38,78.01,195.67,True,OK
Beauty_Item_002,Beauty,336.75,335.75,299.93,299.03,False,UNSTABLE
Beauty_Item_003,Beauty,114.71,104.19,35.76,32.48,False,UNSTABLE
Beauty_Item_004,Beauty,94.68,94.89,362.57,363.38,True,OK
Beauty_Item_005,Beauty,114.73,48.63,43.5,18.43,False,UNSTABLE
Beauty_Item_006,Beauty,56.85,236.6,153.2,637.58,True,OK
Beauty_Item_007,Beauty,26.62,21.41,75.01,60.34,False,UNSTABLE
Beauty_Item_008,Beauty,571.15,1104.86,75.1,145.27,True,OK
Beauty_Item_009,Beauty,106.45,130.83,155.4,190.99,True,OK
Beauty_Item_010,Beauty,62.31,155.55,58.51,146.06,True,OK
Beauty_Item_011,Beauty,267.36,155.16,117.79,68.36,False,UNSTABLE
Beauty_Item_012,Beauty,1456.48,613.6,76.1,32.06,False,UNSTABLE
Beauty_Item_013,Beauty,125.65,147.44,113.38,133.05,True,OK
Beauty_Item_014,Beauty,257.32,287.43,224.48,250.75,True,OK
Beauty_Item_015,Beauty,827.89,839.64,85.71,86.93,True,OK
Beauty_Item_016,Beauty,327.01,315.52,182.46,176.05,False,UNSTABLE
Beauty_Item_018,Beauty,160.0,181.29,55.78,63.2,True,OK
Beauty_Item_019,Beauty,41.01,54.0,53.14,69.97,True,OK
Beauty_Item_020,Beauty,180.97,177.1,82.11,80.36,False,UNSTABLE
Beauty_Item_021,Beauty,8.84,59.52,72.13,485.52,True,OK
Beauty_Item_022,Beauty,15.54,5.6,69.25,24.94,False,UNSTABLE
Beauty_Item_023,Beauty,112.84,245.56,141.35,307.59,True,OK
Beauty_Item_024,Beauty,12.05,18.28,120.07,182.13,True,OK
Beauty_Item_025,Beauty,8.43,11.11,82.79,109.11,True,OK
Beauty_Item_026,Beauty,147.27,130.79,187.34,166.37,False,UNSTABLE
Beauty_Item_028,Beauty,612.14,652.02,65.36,69.62,True,OK
Beauty_Item_029,Beauty,196.85,174.49,126.19,111.85,False,UNSTABLE
Beauty_Item_030,Beauty,47.77,10.5,46.73,10.27,False,UNSTABLE
Beauty_Item_031,Beauty,4.82,11.09,78.9,181.54,True,OK
Beauty_Item_032,Beauty,12.96,6.18,101.58,48.44,False,UNSTABLE
Beauty_Item_033,Beauty,289.65,569.88,56.9,111.96,True,OK
Beauty_Item_034,Beauty,88.07,146.55,77.61,129.15,True,OK
Beauty_Item_035,Beauty,122.04,111.28,98.6,89.9,False,UNSTABLE
Beauty_Item_036,Beauty,18.13,23.53,126.62,164.38,True,OK
Beauty_Item_037,Beauty,30.81,27.89,143.55,129.93,False,UNSTABLE
Beauty_Item_038,Beauty,931.24,1436.03,59.45,91.67,True,OK
Beauty_Item_039,Beauty,159.36,151.61,118.96,113.17,False,UNSTABLE
Beauty_Item_040,Beauty,58.94,51.94,239.18,210.8,False,UNSTABLE
Beauty_Item_041,Beauty,7.99,7.0,196.04,171.76,False,UNSTABLE
Beauty_Item_042,Beauty,19.18,23.8,176.79,219.35,True,OK
Beauty_Item_043,Beauty,4.35,15.57,54.56,195.04,True,OK
Beauty_Item_044,Beauty,83.36,46.47,57.1,31.83,False,UNSTABLE
Beauty_Item_045,Beauty,19.2,19.73,60.77,62.44,True,OK
Beauty_Item_046,Beauty,45.26,40.87,31.4,28.36,False,UNSTABLE
Beauty_Item_047,Beauty,9.88,8.62,140.35,122.52,False,UNSTABLE
Beauty_Item_048,Beauty,369.01,467.44,58.97,74.7,True,OK
Beauty_Item_049,Beauty,86.74,103.21,326.42,388.4,True,OK
Beauty_Item_050,Beauty,30.01,26.78,97.58,87.06,False,UNSTABLE
Beauty_Item_051,Beauty,3.79,3.56,44.1,41.46,False,UNSTABLE
Beauty_Item_052,Beauty,2.49,3.16,32.78,41.59,True,OK
Beauty_Item_053,Beauty,5.56,5.6,149.7,150.82,True,OK
Beauty_Item_054,Beauty,28.21,19.11,110.54,74.9,False,UNSTABLE
Beauty_Item_055,Beauty,29.69,38.4,75.38,97.49,True,OK
Beauty_Item_056,Beauty,118.09,233.09,51.17,100.99,True,OK
Beauty_Item_057,Beauty,67.84,176.33,378.03,982.59,True,OK
Beauty_Item_058,Beauty,237.01,43.49,128.54,23.59,False,UNSTABLE
Beauty_Item_060,Beauty,61.66,94.22,145.09,221.69,True,OK
Beauty_Item_062,Beauty,130.75,9.57,82.08,6.0,False,UNSTABLE
Beauty_Item_063,Beauty,1521.51,1495.52,63.65,62.56,False,UNSTABLE
Beauty_Item_064,Beauty,7.67,8.53,147.8,164.48,True,OK
Beverages_Item_001,Beverages,16.45,18.31,91.04,101.33,True,OK
Books_Item_002,Books,3.46,2.58,136.3,101.65,False,UNSTABLE
Books_Item_003,Books,4.13,3.67,335.93,298.53,False,UNSTABLE
Books_Item_004,Books,1204.05,920.48,151.65,115.93,False,UNSTABLE
Books_Item_006,Books,14.24,14.32,116.72,117.32,True,OK
Books_Item_007,Books,6.85,14.09,95.02,195.37,True,OK
Books_Item_008,Books,24.66,41.29,318.57,533.43,True,OK
Cleaning_Supplies_Item_001,Cleaning_Supplies,100.85,188.08,89.25,166.44,True,OK
Cleaning_Supplies_Item_002,Cleaning_Supplies,96.26,22.1,112.25,25.77,False,UNSTABLE
Cleaning_Supplies_Item_003,Cleaning_Supplies,127.37,234.31,168.35,309.69,True,OK
Cleaning_Supplies_Item_004,Cleaning_Supplies,80.0,33.63,77.02,32.37,False,UNSTABLE
Cleaning_Supplies_Item_005,Cleaning_Supplies,37.23,40.73,90.36,98.83,True,OK
Cleaning_Supplies_Item_006,Cleaning_Supplies,48.4,52.85,104.5,114.1,True,OK
Cleaning_Supplies_Item_007,Cleaning_Supplies,681.42,1522.45,38.73,86.53,True,OK
Cleaning_Supplies_Item_008,Cleaning_Supplies,37.38,29.68,99.79,79.22,False,UNSTABLE
Cleaning_Supplies_Item_009,Cleaning_Supplies,86.13,78.82,225.24,206.1,False,UNSTABLE
Cleaning_Supplies_Item_010,Cleaning_Supplies,213.68,453.83,52.92,112.39,True,OK
Cleaning_Supplies_Item_011,Cleaning_Supplies,20.45,32.08,67.39,105.72,True,OK
Cleaning_Supplies_Item_012,Cleaning_Supplies,431.41,571.55,217.76,288.5,True,OK
Cleaning_Supplies_Item_013,Cleaning_Supplies,2900.84,2955.5,1590.78,1620.76,True,OK
Cleaning_Supplies_Item_014,Cleaning_Supplies,8.42,7.9,27.22,25.53,False,UNSTABLE
Cleaning_Supplies_Item_015,Cleaning_Supplies,2.91,2.55,157.35,137.88,False,UNSTABLE
Cleaning_Supplies_Item_016,Cleaning_Supplies,86.76,85.28,87.67,86.18,False,UNSTABLE
Cleaning_Supplies_Item_017,Cleaning_Supplies,31.15,35.44,115.12,130.98,True,OK
Cleaning_Supplies_Item_018,Cleaning_Supplies,9.07,1.83,90.06,18.12,False,UNSTABLE
Cleaning_Supplies_Item_019,Cleaning_Supplies,29.75,1.22,92.87,3.82,False,UNSTABLE
Cleaning_Supplies_Item_020,Cleaning_Supplies,68.29,108.77,30.31,48.28,True,OK
Cleaning_Supplies_Item_021,Cleaning_Supplies,91.67,64.09,85.44,59.74,False,UNSTABLE
Cleaning_Supplies_Item_022,Cleaning_Supplies,17.78,14.83,80.89,67.48,False,UNSTABLE
Cleaning_Supplies_Item_026,Cleaning_Supplies,13.14,17.96,270.6,369.93,True,OK
Cleaning_Supplies_Item_027,Cleaning_Supplies,14.94,16.44,180.31,198.37,True,OK
Cleaning_Supplies_Item_028,Cleaning_Supplies,28.18,12.0,51.17,21.79,False,UNSTABLE
Cleaning_Supplies_Item_029,Cleaning_Supplies,19.81,3.74,55.13,10.41,False,UNSTABLE
Cleaning_Supplies_Item_030,Cleaning_Supplies,31.27,24.21,40.04,30.99,False,UNSTABLE
Cleaning_Supplies_Item_032,Cleaning_Supplies,11.82,6.9,37.78,22.06,False,UNSTABLE
Cleaning_Supplies_Item_033,Cleaning_Supplies,10.92,9.85,35.23,31.79,False,UNSTABLE
Cleaning_Supplies_Item_034,Cleaning_Supplies,14.64,21.67,33.9,50.16,True,OK
Cleaning_Supplies_Item_036,Cleaning_Supplies,5.57,5.1,155.73,142.67,False,UNSTABLE
Cleaning_Supplies_Item_038,Cleaning_Supplies,20.67,18.87,37.25,34.0,False,UNSTABLE
Cleaning_Supplies_Item_039,Cleaning_Supplies,27.41,12.54,55.65,25.46,False,UNSTABLE
Cleaning_Supplies_Item_041,Cleaning_Supplies,9.51,13.1,38.59,53.16,True,OK
Cleaning_Supplies_Item_043,Cleaning_Supplies,18.82,16.54,63.95,56.22,False,UNSTABLE
Cleaning_Supplies_Item_044,Cleaning_Supplies,6000.31,1526.98,89.07,22.67,False,UNSTABLE
Cleaning_Supplies_Item_045,Cleaning_Supplies,9.3,9.53,129.79,133.04,True,OK
Cleaning_Supplies_Item_046,Cleaning_Supplies,23.73,26.6,44.03,49.36,True,OK
Cleaning_Supplies_Item_047,Cleaning_Supplies,24.9,10.2,58.83,24.1,False,UNSTABLE
Cleaning_Supplies_Item_048,Cleaning_Supplies,65.37,162.32,64.82,160.98,True,OK
Cleaning_Supplies_Item_049,Cleaning_Supplies,237.79,101.58,60.41,25.81,False,UNSTABLE
Cleaning_Supplies_Item_050,Cleaning_Supplies,1184.09,2941.78,24.29,60.34,True,OK
Cleaning_Supplies_Item_051,Cleaning_Supplies,493.36,761.04,59.37,91.59,True,OK
Cleaning_Supplies_Item_052,Cleaning_Supplies,238.06,228.61,60.41,58.01,False,UNSTABLE
Cleaning_Supplies_Item_053,Cleaning_Supplies,29.93,22.19,97.98,72.65,False,UNSTABLE
Clothing_Item_001,Clothing,63.58,61.24,100.59,96.88,False,UNSTABLE
Clothing_Item_002,Clothing,746.46,631.71,208.04,176.06,False,UNSTABLE
Clothing_Item_003,Clothing,184.22,184.0,75.94,75.85,False,UNSTABLE
Clothing_Item_004,Clothing,172.54,409.14,74.24,176.04,True,OK
Clothing_Item_005,Clothing,693.61,573.91,80.68,66.76,False,UNSTABLE
Clothing_Item_006,Clothing,130.14,82.29,153.61,97.12,False,UNSTABLE
Clothing_Item_007,Clothing,490.48,509.7,275.18,285.96,True,OK
Clothing_Item_008,Clothing,534.36,124.16,126.01,29.28,False,UNSTABLE
Clothing_Item_015,Clothing,27.49,35.94,303.93,397.3,True,OK
Clothing_Item_018,Clothing,215.92,211.06,214.49,209.67,False,UNSTABLE
Clothing_Item_019,Clothing,157.41,125.43,160.95,128.25,False,UNSTABLE
Clothing_Item_021,Clothing,129.44,116.5,131.55,118.4,False,UNSTABLE
Clothing_Item_023,Clothing,72.53,93.48,154.83,199.56,True,OK
Clothing_Item_027,Clothing,740.13,779.81,458.21,482.77,True,OK
Clothing_Item_028,Clothing,1027.37,515.7,105.04,52.73,False,UNSTABLE
Clothing_Item_029,Clothing,87.13,85.91,260.08,256.46,False,UNSTABLE
Clothing_Item_030,Clothing,22.06,43.3,113.88,223.51,True,OK
Clothing_Item_031,Clothing,371.2,150.2,186.08,75.29,False,UNSTABLE
Clothing_Item_032,Clothing,674.12,600.97,75.97,67.73,False,UNSTABLE
Clothing_Item_033,Clothing,126.54,67.94,135.9,72.97,False,UNSTABLE
Clothing_Item_034,Clothing,157.89,131.17,306.77,254.84,False,UNSTABLE
Clothing_Item_035,Clothing,114.96,106.31,236.12,218.36,False,UNSTABLE
Clothing_Item_036,Clothing,282.85,55.82,155.97,30.78,False,UNSTABLE
Clothing_Item_037,Clothing,822.58,1042.85,110.76,140.42,True,OK
Clothing_Item_038,Clothing,3632.36,4053.01,110.66,123.47,True,OK
Clothing_Item_039,Clothing,683.92,878.91,169.35,217.64,True,OK
Clothing_Item_040,Clothing,158.25,175.3,602.02,666.89,True,OK
Clothing_Item_041,Clothing,175.55,61.7,140.1,49.24,False,UNSTABLE
Clothing_Item_042,Clothing,143.93,185.03,284.38,365.6,True,OK
Clothing_Item_043,Clothing,1278.69,374.36,186.55,54.61,False,UNSTABLE
Clothing_Item_044,Clothing,259.26,252.2,58.63,57.03,False,UNSTABLE
Clothing_Item_045,Clothing,2343.68,1744.35,109.73,81.67,False,UNSTABLE
Clothing_Item_046,Clothing,1189.01,1351.77,374.93,426.25,True,OK
Clothing_Item_047,Clothing,86.95,69.64,89.19,71.44,False,UNSTABLE
Clothing_Item_048,Clothing,62.62,65.08,185.78,193.1,True,OK
Clothing_Item_049,Clothing,485.65,359.71,168.84,125.05,False,UNSTABLE
Clothing_Item_050,Clothing,69.75,55.92,216.8,173.83,False,UNSTABLE
Clothing_Item_051,Clothing,789.35,824.92,276.3,288.75,True,OK
Clothing_Item_060,Clothing,33.53,20.69,72.83,44.95,False,UNSTABLE
Clothing_Item_061,Clothing,251.56,121.56,231.38,111.81,False,UNSTABLE
Clothing_Item_062,Clothing,121.26,97.35,81.87,65.72,False,UNSTABLE
Clothing_Item_063,Clothing,774.93,826.53,232.18,247.64,True,OK
Clothing_Item_064,Clothing,732.22,3950.95,363.94,1963.77,True,OK
Clothing_Item_065,Clothing,1356.77,1062.69,287.66,225.3,False,UNSTABLE
Clothing_Item_066,Clothing,566.12,566.95,446.43,447.08,True,OK
Clothing_Item_067,Clothing,3026.2,1438.23,152.91,72.67,False,UNSTABLE
Clothing_Item_068,Clothing,469.4,1181.8,375.98,946.6,True,OK
Clothing_Item_069,Clothing,316.68,297.17,460.72,432.34,False,UNSTABLE
Clothing_Item_070,Clothing,3155.37,1625.15,164.53,84.74,False,UNSTABLE
Clothing_Item_071,Clothing,176.9,84.81,108.31,51.92,False,UNSTABLE
Clothing_Item_072,Clothing,176.36,12.1,198.67,13.63,False,UNSTABLE
Clothing_Item_074,Clothing,1478.66,418.1,57.7,16.31,False,UNSTABLE
Clothing_Item_077,Clothing,108.8,140.56,118.34,152.87,True,OK
Clothing_Item_078,Clothing,139.09,149.12,297.79,319.28,True,OK
Clothing_Item_079,Clothing,321.88,244.91,50.49,38.41,False,UNSTABLE
Clothing_Item_080,Clothing,220.08,82.53,57.59,21.6,False,UNSTABLE
Clothing_Item_081,Clothing,92.14,282.51,118.46,363.2,True,OK
Clothing_Item_082,Clothing,340.29,89.56,146.07,38.44,False,UNSTABLE
Clothing_Item_083,Clothing,31.34,4.93,21.41,3.37,False,UNSTABLE
Clothing_Item_084,Clothing,1334.37,501.41,43.41,16.31,False,UNSTABLE
Clothing_Item_085,Clothing,246.07,126.76,78.05,40.21,False,UNSTABLE
Clothing_Item_086,Clothing,126.77,28.29,101.94,22.75,False,UNSTABLE
Clothing_Item_087,Clothing,223.71,189.36,55.42,46.91,False,UNSTABLE
Clothing_Item_088,Clothing,1973.78,1161.14,19.14,11.26,False,UNSTABLE
Clothing_Item_089,Clothing,746.85,123.56,44.14,7.3,False,UNSTABLE
Clothing_Item_090,Clothing,186.91,52.67,132.28,37.27,False,UNSTABLE
Clothing_Item_091,Clothing,1136.99,523.7,73.31,33.77,False,UNSTABLE
Clothing_Item_092,Clothing,1106.1,298.12,61.68,16.62,False,UNSTABLE
Clothing_Item_093,Clothing,222.05,222.05,10.94,10.94,False,UNSTABLE
Clothing_Item_094,Clothing,5604.38,3539.95,43.1,27.22,False,UNSTABLE
Clothing_Item_095,Clothing,862.25,222.37,52.98,13.66,False,UNSTABLE
Clothing_Item_096,Clothing,290.48,481.74,191.64,317.83,True,OK
Clothing_Item_097,Clothing,309.63,98.01,43.86,13.88,False,UNSTABLE
Clothing_Item_098,Clothing,1412.66,193.33,78.33,10.72,False,UNSTABLE
Clothing_Item_099,Clothing,136.94,166.0,9.11,11.04,True,OK
Clothing_Item_100,Clothing,1536.03,178.89,100.07,11.65,False,UNSTABLE
Clothing_Item_101,Clothing,178.25,175.51,83.37,82.08,False,UNSTABLE
Clothing_Item_102,Clothing,69.75,50.75,44.75,32.56,False,UNSTABLE
Computers_Item_001,Computers,5949.66,5973.97,77.6,77.92,True,OK
Computers_Item_002,Computers,93228.04,29755.95,61.77,19.72,False,UNSTABLE
Computers_Item_003,Computers,1775.13,1815.67,92.35,94.46,True,OK
Computers_Item_004,Computers,2591.69,1962.14,124.62,94.35,False,UNSTABLE
Computers_Item_005,Computers,1419.08,1608.83,396.02,448.98,True,OK
Computers_Item_006,Computers,187.44,300.0,139.07,222.58,True,OK
Computers_Item_007,Computers,1935.69,2446.77,58.99,74.56,True,OK
Computers_Item_008,Computers,3332.69,5549.02,37.97,63.22,True,OK
Computers_Item_009,Computers,955.53,1009.95,132.64,140.2,True,OK
Computers_Item_010,Computers,1081.39,974.68,76.13,68.62,False,UNSTABLE
Computers_Item_011,Computers,6726.36,7801.6,29.26,33.94,True,OK
Computers_Item_012,Computers,31811.46,16000.0,39.01,19.62,False,UNSTABLE
Computers_Item_013,Computers,4975.09,3224.39,57.54,37.29,False,UNSTABLE
Computers_Item_014,Computers,5925.24,3511.88,75.64,44.83,False,UNSTABLE
Computers_Item_015,Computers,5206.53,3240.37,140.58,87.49,False,UNSTABLE
Computers_Item_016,Computers,27472.11,29619.7,41.32,44.55,True,OK
Computers_Item_017,Computers,4568.7,2951.27,45.16,29.17,False,UNSTABLE
Computers_Item_018,Computers,12906.36,6469.93,25.25,12.66,False,UNSTABLE
Computers_Item_019,Computers,4679.63,5114.52,51.62,56.42,True,OK
Computers_Item_020,Computers,9406.07,16331.72,41.82,72.62,True,OK
Computers_Item_021,Computers,58515.4,18875.69,54.33,17.53,False,UNSTABLE
Computers_Item_022,Computers,2738.13,2293.11,60.01,50.25,False,UNSTABLE
Computers_Item_023,Computers,3197.08,5094.77,83.16,132.52,True,OK
Computers_Item_024,Computers,1727.5,2415.23,20.06,28.05,True,OK
Computers_Item_025,Computers,6674.74,7090.96,40.84,43.39,True,OK
Computers_Item_026,Computers,7624.7,3200.26,154.67,64.92,False,UNSTABLE
Computers_Item_027,Computers,1035.51,908.3,79.43,69.67,False,UNSTABLE
Computers_Item_028,Computers,413.06,626.5,52.98,80.36,True,OK
Computers_Item_029,Computers,151.51,163.3,67.34,72.58,True,OK
Computers_Item_030,Computers,639.42,285.77,108.54,48.51,False,UNSTABLE
Computers_Item_031,Computers,16863.41,16982.64,21.42,21.58,True,OK
Computers_Item_032,Computers,2279.06,8689.17,36.83,140.4,True,OK
Computers_Item_033,Computers,222988.28,295142.34,30.87,40.86,True,OK
Computers_Item_034,Computers,3586.3,4607.06,36.18,46.48,True,OK
Computers_Item_035,Computers,3843.4,7655.5,47.95,95.52,True,OK
Computers_Item_036,Computers,8275.93,11456.44,31.48,43.58,True,OK
Computers_Item_037,Computers,3991.62,4817.5,67.78,81.81,True,OK
Computers_Item_038,Computers,12069.17,2081.67,167.33,28.86,False,UNSTABLE
Computers_Item_039,Computers,938.49,530.72,85.75,48.49,False,UNSTABLE
Computers_Item_041,Computers,992.5,1169.76,147.35,173.66,True,OK
Computers_Item_042,Computers,603.0,450.92,69.68,52.11,False,UNSTABLE
Computers_Item_043,Computers,2117.21,1095.45,71.37,36.93,False,UNSTABLE
Computers_Item_044,Computers,55.47,67.7,113.04,137.96,True,OK
Computers_Item_045,Computers,318.5,310.91,82.63,80.66,False,UNSTABLE
Computers_Item_046,Computers,2362.71,550.76,42.77,9.97,False,UNSTABLE
Computers_Item_047,Computers,2993.24,3185.99,113.21,120.5,True,OK
Computers_Item_048,Computers,3800.97,1625.1,102.87,43.98,False,UNSTABLE
Computers_Item_049,Computers,5240.79,3214.55,79.79,48.94,False,UNSTABLE
Computers_Item_051,Computers,15979.84,19412.2,54.01,65.62,True,OK
Computers_Item_052,Computers,10626.93,17004.9,40.56,64.9,True,OK
Computers_Item_053,Computers,791.27,1224.74,54.69,84.65,True,OK
Computers_Item_054,Computers,10227.95,26293.22,45.09,115.9,True,OK
Computers_Item_055,Computers,7003.22,5887.84,69.52,58.45,False,UNSTABLE
Computers_Item_056,Computers,21118.84,17430.82,69.33,57.22,False,UNSTABLE
Computers_Item_057,Computers,947.69,1000.0,146.21,154.29,True,OK
Computers_Item_060,Computers,91.58,104.24,219.62,250.0,True,OK
Computers_Item_061,Computers,134.11,279.88,100.11,208.93,True,OK
Computers_Item_062,Computers,566.74,472.58,58.07,48.42,False,UNSTABLE
Computers_Item_063,Computers,11646.02,11870.83,203.67,207.6,True,OK
Computers_Item_065,Computers,1229.7,1414.21,107.37,123.48,True,OK
Computers_Item_066,Computers,1306.87,1467.42,53.79,60.4,True,OK
Computers_Item_067,Computers,3491.56,3212.48,43.85,40.34,False,UNSTABLE
Computers_Item_068,Computers,10185.7,5196.15,58.42,29.8,False,UNSTABLE
Computers_Item_069,Computers,1125.61,541.6,92.94,44.72,False,UNSTABLE
Computers_Item_070,Computers,1460.5,1649.24,219.07,247.39,True,OK
Computers_Item_071,Computers,1966.74,1224.74,82.33,51.27,False,UNSTABLE
Computers_Item_072,Computers,3872.08,3679.9,104.24,99.06,False,UNSTABLE
Computers_Item_073,Computers,2435.6,2530.48,403.44,419.16,True,OK
Computers_Item_074,Computers,2225.55,3860.7,27.98,48.53,True,OK
Computers_Item_075,Computers,9085.06,14668.56,30.59,49.38,True,OK
Computers_Item_076,Computers,18829.72,13812.01,82.77,60.72,False,UNSTABLE
Computers_Item_077,Computers,20235.83,47954.84,33.74,79.95,True,OK
Computers_Item_080,Computers,585.49,1832.58,143.06,447.78,True,OK
Computers_Item_081,Computers,1698.06,2588.76,118.78,181.08,True,OK
Computers_Item_082,Computers,10423.85,12536.61,153.79,184.97,True,OK
Computers_Item_083,Computers,4496.7,4845.96,90.1,97.1,True,OK
Computers_Item_085,Computers,4079.12,4108.12,104.74,105.48,True,OK
Computers_Item_086,Computers,2921.99,3185.91,195.28,212.92,True,OK
Computers_Item_087,Computers,1734.6,4476.98,74.34,191.87,True,OK
Computers_Item_088,Computers,2614.6,3807.89,48.52,70.66,True,OK
Computers_Item_089,Computers,752.0,1036.02,74.37,102.46,True,OK
Computers_Item_090,Computers,1500.26,546.2,137.54,50.08,False,UNSTABLE
Computers_Item_092,Computers,1260.49,1023.07,148.62,120.62,False,UNSTABLE
Computers_Item_093,Computers,3167.47,4137.63,74.21,96.93,True,OK
Computers_Item_094,Computers,3578.2,2205.3,55.22,34.03,False,UNSTABLE
Computers_Item_095,Computers,2828.06,2988.31,117.47,124.13,True,OK
Computers_Item_096,Computers,546.03,518.01,145.43,137.96,False,UNSTABLE
Computers_Item_097,Computers,359.22,460.07,72.11,92.36,True,OK
Computers_Item_098,Computers,687.85,1274.1,70.58,130.74,True,OK
Computers_Item_099,Computers,557.04,420.32,77.53,58.5,False,UNSTABLE
Computers_Item_100,Computers,264.98,387.3,87.79,128.31,True,OK
Computers_Item_101,Computers,185.37,195.79,74.15,78.32,True,OK
Computers_Item_102,Computers,28201.03,27711.07,43.72,42.96,False,UNSTABLE
Computers_Item_103,Computers,32805.19,23533.66,21.66,15.54,False,UNSTABLE
Computers_Item_104,Computers,15952.36,20761.94,112.44,146.34,True,OK
Computers_Item_105,Computers,41856.44,86762.13,23.34,48.39,True,OK
Computers_Item_106,Computers,10235.39,13121.23,69.26,88.79,True,OK
Computers_Item_107,Computers,252.49,355.9,65.24,91.96,True,OK
Computers_Item_108,Computers,205.42,258.2,127.5,160.26,True,OK
Computers_Item_109,Computers,10022.49,2022.79,155.96,31.48,False,UNSTABLE
Computers_Item_110,Computers,488.45,494.97,389.24,394.43,True,OK
Computers_Item_111,Computers,21.02,21.6,219.34,225.42,True,OK
Computers_Item_112,Computers,4008.87,3753.0,95.41,89.32,False,UNSTABLE
Computers_Item_113,Computers,1349.84,1737.34,126.8,163.19,True,OK
Computers_Item_114,Computers,2364.94,1368.09,103.83,60.06,False,UNSTABLE
Computers_Item_115,Computers,1165.65,1000.0,53.97,46.3,False,UNSTABLE
Computers_Item_116,Computers,7866.83,5365.63,48.09,32.8,False,UNSTABLE
Computers_Item_117,Computers,25331.29,72957.75,34.79,100.19,True,OK
Computers_Item_118,Computers,1013.33,840.63,94.67,78.54,False,UNSTABLE
Computers_Item_119,Computers,180.06,158.11,48.37,42.48,False,UNSTABLE
Computers_Item_120,Computers,256.97,247.45,239.66,230.79,False,UNSTABLE
Computers_Item_121,Computers,106.32,28.87,99.33,26.97,False,UNSTABLE
Computers_Item_122,Computers,20539.93,4254.02,55.51,11.5,False,UNSTABLE
Computers_Item_123,Computers,4191.99,2532.46,98.38,59.43,False,UNSTABLE
Computers_Item_124,Computers,2453.7,3480.18,107.39,152.31,True,OK
Computers_Item_125,Computers,2784.57,4629.97,29.98,49.84,True,OK
Computers_Item_126,Computers,23313.91,12436.51,63.62,33.93,False,UNSTABLE
Computers_Item_127,Computers,1363.17,2798.81,48.82,100.23,True,OK
Computers_Item_128,Computers,17554.14,15184.75,37.55,32.48,False,UNSTABLE
Computers_Item_129,Computers,136206.05,147541.52,43.48,47.09,True,OK
Computers_Item_130,Computers,4015.91,4281.74,73.02,77.85,True,OK
Computers_Item_131,Computers,4586.37,7788.88,54.55,92.64,True,OK
Computers_Item_132,Computers,5282.6,4411.35,67.97,56.76,False,UNSTABLE
Computers_Item_133,Computers,4913.41,4163.33,27.1,22.96,False,UNSTABLE
Computers_Item_134,Computers,373.91,395.81,62.13,65.77,True,OK
Computers_Item_135,Computers,8738.56,6137.32,87.88,61.72,False,UNSTABLE
Computers_Item_136,Computers,8161.06,8924.5,48.3,52.82,True,OK
Computers_Item_137,Computers,610.35,619.14,123.91,125.69,True,OK
Computers_Item_138,Computers,4338.17,816.5,128.45,24.18,False,UNSTABLE
Computers_Item_139,Computers,2916.34,2397.57,232.96,191.52,False,UNSTABLE
Computers_Item_140,Computers,2204.24,2144.37,106.37,103.48,False,UNSTABLE
Computers_Item_141,Computers,3642.3,5363.77,57.92,85.29,True,OK
Computers_Item_142,Computers,2823.01,3573.28,121.76,154.12,True,OK
Computers_Item_143,Computers,12453.96,13159.28,48.98,51.76,True,OK
Computers_Item_144,Computers,2072.45,912.87,136.48,60.12,False,UNSTABLE
Computers_Item_146,Computers,24566.72,22678.77,37.26,34.4,False,UNSTABLE
Computers_Item_147,Computers,1815.33,2375.57,23.42,30.65,True,OK
Computers_Item_148,Computers,1333.93,781.02,108.05,63.26,False,UNSTABLE
Computers_Item_149,Computers,15390.91,11895.38,30.73,23.75,False,UNSTABLE
Computers_Item_150,Computers,2721.0,1581.14,110.48,64.2,False,UNSTABLE
Computers_Item_151,Computers,5009.71,9073.77,46.97,85.07,True,OK
Computers_Item_152,Computers,630.22,895.36,43.08,61.2,True,OK
Computers_Item_153,Computers,17020.49,14272.35,68.37,57.33,False,UNSTABLE
Computers_Item_154,Computers,2483.74,4471.95,66.33,119.43,True,OK
Computers_Item_155,Computers,14199.79,24815.99,43.74,76.44,True,OK
Computers_Item_156,Computers,953.28,1632.99,32.58,55.81,True,OK
Computers_Item_157,Computers,5264.9,5984.42,31.98,36.35,True,OK
Computers_Item_158,Computers,1423.69,1375.38,71.52,69.09,False,UNSTABLE
Computers_Item_159,Computers,4547.28,2798.81,58.46,35.98,False,UNSTABLE
Computers_Item_161,Computers,6449.93,7474.29,33.64,38.98,True,OK
Computers_Item_162,Computers,2891.52,7446.25,36.53,94.08,True,OK
Computers_Item_163,Computers,707.37,957.43,134.37,181.88,True,OK
Computers_Item_164,Computers,1095.66,665.83,107.04,65.05,False,UNSTABLE
Computers_Item_165,Computers,24860.8,26870.06,64.17,69.36,True,OK
Computers_Item_166,Computers,1874.82,707.11,270.19,101.91,False,UNSTABLE
Computers_Item_167,Computers,1657.92,3055.05,77.18,142.22,True,OK
Computers_Item_168,Computers,525.21,244.95,199.35,92.97,False,UNSTABLE
Computers_Item_169,Computers,14767.53,5008.33,45.26,15.35,False,UNSTABLE
Computers_Item_170,Computers,161.9,85.39,81.92,43.21,False,UNSTABLE
Computers_Item_171,Computers,5035.38,2864.15,98.52,56.04,False,UNSTABLE
Computers_Item_172,Computers,2954.26,2543.17,436.13,375.44,False,UNSTABLE
Computers_Item_173,Computers,390.68,460.07,117.2,138.02,True,OK
Computers_Item_174,Computers,226.5,114.56,113.8,57.56,False,UNSTABLE
Computers_Item_175,Computers,2279.3,2083.67,109.99,100.55,False,UNSTABLE
Computers_Item_176,Computers,253.4,173.21,76.84,52.52,False,UNSTABLE
Computers_Item_177,Computers,11478.69,19973.61,67.28,117.07,True,OK
Computers_Item_178,Computers,1801.69,2611.51,77.34,112.1,True,OK
Computers_Item_179,Computers,1737.65,1718.04,43.54,43.05,False,UNSTABLE
Computers_Item_180,Computers,485.13,667.08,157.15,216.1,True,OK
Computers_Item_181,Computers,1220.07,1802.78,38.39,56.73,True,OK
Computers_Item_182,Computers,1396.84,1096.97,66.28,52.05,False,UNSTABLE
Computers_Item_185,Computers,278.19,115.47,128.21,53.22,False,UNSTABLE
Dairy_Item_001,Dairy,19.3,45.83,115.8,274.95,True,OK
Dairy_Item_002,Dairy,68.52,75.17,61.56,67.54,True,OK
Dairy_Item_003,Dairy,70.71,66.83,103.48,97.8,False,UNSTABLE
Dairy_Item_004,Dairy,90.39,65.57,96.84,70.26,False,UNSTABLE
Dairy_Item_005,Dairy,7.04,20.2,31.89,91.52,True,OK
Dairy_Item_006,Dairy,122.74,177.46,42.69,61.72,True,OK
Dairy_Item_007,Dairy,26.08,25.55,76.82,75.27,False,UNSTABLE
Dairy_Item_008,Dairy,30.13,23.33,66.47,51.47,False,UNSTABLE
Dairy_Item_009,Dairy,131.61,167.56,67.03,85.35,True,OK
Dairy_Item_010,Dairy,17.26,13.4,229.06,177.76,False,UNSTABLE
Dairy_Item_011,Dairy,121.39,132.49,61.71,67.35,True,OK
Dairy_Item_012,Dairy,7.26,7.05,120.19,116.72,False,UNSTABLE
Dairy_Item_013,Dairy,18.88,13.54,103.04,73.91,False,UNSTABLE
Dairy_Item_014,Dairy,8.58,18.16,17.62,37.27,True,OK
Dairy_Item_015,Dairy,10.72,13.6,127.28,161.35,True,OK
Dairy_Item_016,Dairy,11.17,52.67,38.03,179.29,True,OK
Dairy_Item_017,Dairy,51.56,57.09,78.34,86.74,True,OK
Dairy_Item_018,Dairy,12.78,13.86,98.18,106.48,True,OK
Dairy_Item_019,Dairy,259.59,245.37,32.93,31.13,False,UNSTABLE
Dairy_Item_020,Dairy,272.97,344.52,109.08,137.68,True,OK
Dairy_Item_021,Dairy,111.26,79.71,59.41,42.56,False,UNSTABLE
Dairy_Item_022,Dairy,493.2,193.03,57.7,22.58,False,UNSTABLE
Dairy_Item_023,Dairy,24.18,38.41,127.01,201.75,True,OK
Dairy_Item_024,Dairy,28.97,27.64,119.06,113.59,False,UNSTABLE
Dairy_Item_025,Dairy,17.36,9.23,35.58,18.92,False,UNSTABLE
Dairy_Item_026,Dairy,27.16,12.96,52.16,24.89,False,UNSTABLE
Dairy_Item_027,Dairy,3.77,3.37,105.71,94.4,False,UNSTABLE
Dairy_Item_028,Dairy,3.9,4.22,105.48,114.19,True,OK
Dairy_Item_029,Dairy,43.25,37.69,138.61,120.79,False,UNSTABLE
Dairy_Item_030,Dairy,481.11,407.71,65.93,55.87,False,UNSTABLE
Dairy_Item_031,Dairy,38.27,19.15,64.18,32.12,False,UNSTABLE
Dairy_Item_032,Dairy,1.77,1.53,76.29,65.99,False,UNSTABLE
Dairy_Item_033,Dairy,44.28,55.33,90.53,113.13,True,OK
Dairy_Item_034,Dairy,9.9,10.56,313.23,334.16,True,OK
Dairy_Item_035,Dairy,11.46,11.74,111.46,114.2,True,OK
Dairy_Item_036,Dairy,39.37,29.23,147.54,109.55,False,UNSTABLE
Dairy_Item_037,Dairy,10.52,15.72,137.67,205.74,True,OK
Dairy_Item_038,Dairy,12.66,13.39,54.97,58.1,True,OK
Dairy_Item_039,Dairy,162.33,130.25,73.84,59.24,False,UNSTABLE
Dairy_Item_040,Dairy,79.4,82.19,336.49,348.34,True,OK
Dairy_Item_041,Dairy,28.37,24.85,62.22,54.5,False,UNSTABLE
Electricals_Item_001,Electricals,2.17,1.87,109.59,94.45,False,UNSTABLE
Electricals_Item_003,Electricals,2.02,2.68,74.9,99.22,True,OK
Electricals_Item_004,Electricals,94.44,35.36,33.2,12.43,False,UNSTABLE
Electricals_Item_005,Electricals,4620.69,8896.25,192.68,370.97,True,OK
Electricals_Item_006,Electricals,2091.01,2484.28,129.98,154.43,True,OK
Electricals_Item_007,Electricals,229.79,405.26,54.47,96.07,True,OK
Electricals_Item_010,Electricals,653.89,579.51,292.3,259.05,False,UNSTABLE
Electricals_Item_011,Electricals,376.79,301.73,193.13,154.66,False,UNSTABLE
Electricals_Item_012,Electricals,12079.43,121.86,90.16,0.91,False,UNSTABLE
Electricals_Item_014,Electricals,1371.79,1289.42,172.71,162.34,False,UNSTABLE
Electricals_Item_015,Electricals,669.77,553.93,231.9,191.79,False,UNSTABLE
Electricals_Item_018,Electricals,682.45,538.73,370.66,292.6,False,UNSTABLE
Electricals_Item_019,Electricals,61.57,1044.22,114.5,1941.89,True,OK
Electricals_Item_020,Electricals,2441.36,2790.61,173.71,198.56,True,OK
Electricals_Item_021,Electricals,904.84,790.83,156.17,136.49,False,UNSTABLE
Electricals_Item_022,Electricals,270.43,219.85,501.52,407.72,False,UNSTABLE
Electricals_Item_023,Electricals,596.75,648.4,98.49,107.02,True,OK
Electricals_Item_024,Electricals,1138.98,1284.97,162.62,183.47,True,OK
Electricals_Item_025,Electricals,470.54,549.58,308.55,360.38,True,OK
Electricals_Item_026,Electricals,929.91,1088.42,154.93,181.35,True,OK
Electricals_Item_027,Electricals,698.83,720.58,119.61,123.34,True,OK
Electricals_Item_028,Electricals,475.24,61.91,156.41,20.38,False,UNSTABLE
Electricals_Item_029,Electricals,1713.7,7167.15,97.77,408.91,True,OK
Electricals_Item_030,Electricals,109.07,90.03,249.95,206.33,False,UNSTABLE
Electricals_Item_031,Electricals,100.58,346.95,278.42,960.41,True,OK
Electricals_Item_032,Electricals,2625.07,2522.65,590.64,567.6,False,UNSTABLE
Electricals_Item_035,Electricals,175.56,86.6,88.6,43.71,False,UNSTABLE
Electricals_Item_036,Electricals,1774.72,1647.6,96.85,89.91,False,UNSTABLE
Electricals_Item_038,Electricals,132.42,104.08,101.26,79.59,False,UNSTABLE
Electricals_Item_039,Electricals,1740.67,1000.0,75.83,43.57,False,UNSTABLE
Electricals_Item_040,Electricals,4786.77,6427.12,86.4,116.01,True,OK
Electricals_Item_042,Electricals,401.68,402.08,66.74,66.81,True,OK
Electricals_Item_043,Electricals,364.05,193.65,61.53,32.73,False,UNSTABLE
Electricals_Item_044,Electricals,4850.52,894.43,229.78,42.37,False,UNSTABLE
Electricals_Item_045,Electricals,161.82,196.85,89.62,109.02,True,OK
Electricals_Item_046,Electricals,242.96,160.73,61.02,40.37,False,UNSTABLE
Electricals_Item_047,Electricals,71.27,55.08,98.43,76.06,False,UNSTABLE
Electricals_Item_048,Electricals,74.47,61.91,57.93,48.17,False,UNSTABLE
Electricals_Item_049,Electricals,1635.71,2328.81,125.45,178.61,True,OK
Electricals_Item_050,Electricals,3783.4,4314.51,187.8,214.17,True,OK
Electricals_Item_051,Electricals,2243.3,302.77,152.43,20.57,False,UNSTABLE
Electricals_Item_052,Electricals,126.27,91.1,91.16,65.77,False,UNSTABLE
Electricals_Item_054,Electricals,105.65,259.94,121.38,298.65,True,OK
Electricals_Item_055,Electricals,781.17,1030.37,85.83,113.2,True,OK
Electricals_Item_056,Electricals,1918.07,533.85,161.58,44.97,False,UNSTABLE
Electricals_Item_057,Electricals,3716.88,2579.08,101.94,70.74,False,UNSTABLE
Electricals_Item_058,Electricals,1200.69,1426.53,98.84,117.43,True,OK
Electricals_Item_059,Electricals,931.54,614.07,88.8,58.53,False,UNSTABLE
Electricals_Item_060,Electricals,284.18,205.14,81.41,58.77,False,UNSTABLE
Electricals_Item_061,Electricals,582.09,613.73,212.05,223.57,True,OK
Electricals_Item_062,Electricals,176.36,64.55,41.35,15.13,False,UNSTABLE
Electronics_Item_001,Electronics,87.88,91.49,58.81,61.22,True,OK
Electronics_Item_002,Electronics,449.95,660.69,257.7,378.4,True,OK
Electronics_Item_003,Electronics,282.75,294.24,16.76,17.44,True,OK
Electronics_Item_006,Electronics,118.15,20.66,81.31,14.21,False,UNSTABLE
Electronics_Item_007,Electronics,1529.54,19.05,56.44,0.7,False,UNSTABLE
Electronics_Item_008,Electronics,988.2,770.09,87.88,68.49,False,UNSTABLE
Electronics_Item_011,Electronics,77.5,82.16,106.65,113.06,True,OK
Electronics_Item_012,Electronics,244.47,333.2,71.47,97.41,True,OK
Fitness_Item_001,Fitness,1361.28,4742.44,119.57,416.56,True,OK
Fitness_Item_002,Fitness,1319.07,2089.46,110.86,175.61,True,OK
Fitness_Item_003,Fitness,1767.61,1862.83,157.56,166.05,True,OK
Fitness_Item_004,Fitness,4009.56,6743.05,89.88,151.16,True,OK
Fitness_Item_005,Fitness,1321.19,1864.96,118.55,167.34,True,OK
Fitness_Item_006,Fitness,5251.25,326.6,84.68,5.27,False,UNSTABLE
Fitness_Item_007,Fitness,196.69,24.49,32.25,4.02,False,UNSTABLE
Fitness_Item_008,Fitness,508.25,5.72,60.3,0.68,False,UNSTABLE
Fitness_Item_009,Fitness,1075.8,61.24,62.61,3.56,False,UNSTABLE
Fitness_Item_010,Fitness,3783.75,5003.85,95.18,125.87,True,OK
Fitness_Item_011,Fitness,551.42,291.85,132.26,70.0,False,UNSTABLE
Fitness_Item_012,Fitness,979.92,121.89,147.53,18.35,False,UNSTABLE
Fitness_Item_013,Fitness,303.4,383.17,85.99,108.6,True,OK
Fitness_Item_014,Fitness,1868.51,270.8,102.09,14.8,False,UNSTABLE
Fitness_Item_015,Fitness,36085.64,42911.59,260.96,310.33,True,OK
Fitness_Item_016,Fitness,2277.68,300.0,175.95,23.18,False,UNSTABLE
Fitness_Item_017,Fitness,870.77,311.55,167.34,59.87,False,UNSTABLE
Fitness_Item_018,Fitness,1089.16,858.54,195.35,153.98,False,UNSTABLE
Fitness_Item_019,Fitness,421.47,117.03,189.48,52.62,False,UNSTABLE
Fitness_Item_020,Fitness,149.05,295.15,65.33,129.37,True,OK
Fitness_Item_021,Fitness,228.22,238.17,420.78,439.11,True,OK
Fitness_Item_022,Fitness,123.33,14.73,61.67,7.36,False,UNSTABLE
Fitness_Item_023,Fitness,292.52,306.19,77.92,81.56,True,OK
Food_Item_001,Food,11.69,12.96,211.82,234.76,True,OK
Food_Item_002,Food,2.42,3.63,81.58,122.46,True,OK
Food_Item_003,Food,2.52,7.42,52.4,153.92,True,OK
Food_Item_004,Food,4.03,2.42,113.24,67.93,False,UNSTABLE
Food_Item_005,Food,9.69,28.03,38.02,109.96,True,OK
Food_Item_006,Food,211.88,111.09,90.74,47.57,False,UNSTABLE
Food_Item_007,Food,10.78,11.01,158.99,162.41,True,OK
Food_Item_008,Food,10.65,9.12,87.93,75.3,False,UNSTABLE
Food_Item_009,Food,5.16,6.23,72.18,87.18,True,OK
Food_Item_010,Food,6.61,3.72,22.2,12.49,False,UNSTABLE
Food_Item_011,Food,9.91,9.25,143.05,133.51,False,UNSTABLE
Food_Item_012,Food,39.69,38.96,530.44,520.72,False,UNSTABLE
Food_Item_013,Food,4.21,4.45,114.8,121.46,True,OK
Food_Item_014,Food,4.83,3.11,129.54,83.42,False,UNSTABLE
Food_Item_015,Food,2.81,4.65,71.54,118.56,True,OK
Food_Item_016,Food,2.91,4.32,81.35,120.88,True,OK
Food_Item_017,Food,863.0,20.41,123.58,2.92,False,UNSTABLE
Food_Item_018,Food,104.21,60.32,110.3,63.84,False,UNSTABLE
Food_Item_019,Food,178.49,317.54,94.03,167.29,True,OK
Food_Item_020,Food,82.48,67.7,119.14,97.79,False,UNSTABLE
Food_Item_021,Food,93.5,79.71,202.27,172.44,False,UNSTABLE
Food_Item_022,Food,280.9,926.46,39.4,129.95,True,OK
Food_Item_023,Food,383.09,362.86,87.66,83.03,False,UNSTABLE
Food_Item_024,Food,531.74,524.4,97.33,95.99,False,UNSTABLE
Food_Item_025,Food,1479.6,1169.8,51.55,40.75,False,UNSTABLE
Food_Item_026,Food,404.46,683.97,77.79,131.56,True,OK
Food_Item_027,Food,203.78,175.59,46.05,39.68,False,UNSTABLE
Food_Item_028,Food,20.44,10.27,69.18,34.76,False,UNSTABLE
Food_Item_029,Food,61.36,91.28,31.48,46.82,True,OK
Food_Item_030,Food,7.23,8.23,361.28,411.3,True,OK
Food_Item_031,Food,3.98,1.35,98.5,33.47,False,UNSTABLE
Food_Item_032,Food,83.46,107.12,15.28,19.62,True,OK
Food_Item_033,Food,126.11,88.67,63.97,44.98,False,UNSTABLE
Food_Item_034,Food,50.23,48.33,163.19,157.03,False,UNSTABLE
Food_Item_035,Food,9.4,8.47,132.87,119.65,False,UNSTABLE
Food_Item_036,Food,15.28,17.14,166.99,187.38,True,OK
Food_Item_037,Food,1354.68,1258.84,32.57,30.27,False,UNSTABLE
Food_Item_038,Food,236.34,268.87,40.91,46.54,True,OK
Food_Item_039,Food,287.44,152.11,31.2,16.51,False,UNSTABLE
Food_Item_040,Food,34.41,44.16,39.8,51.08,True,OK
Food_Item_041,Food,111.61,55.45,61.55,30.58,False,UNSTABLE
Food_Item_042,Food,17.12,24.48,90.51,129.45,True,OK
Food_Item_043,Food,2.35,4.47,60.59,115.55,True,OK
Food_Item_044,Food,17.09,13.11,102.06,78.3,False,UNSTABLE
Food_Item_045,Food,7.17,7.99,62.57,69.7,True,OK
Food_Item_046,Food,113.74,142.8,36.04,45.25,True,OK
Food_Item_047,Food,37.43,30.47,75.39,61.37,False,UNSTABLE
Food_Item_048,Food,5.11,5.8,109.23,124.0,True,OK
Food_Item_049,Food,2.64,2.27,88.55,76.25,False,UNSTABLE
Food_Item_050,Food,37.27,38.78,28.79,29.96,True,OK
Food_Item_051,Food,55.24,66.3,81.8,98.19,True,OK
Food_Item_055,Food,12.66,9.09,87.15,62.58,False,UNSTABLE
Food_Item_056,Food,14.92,12.86,229.14,197.43,False,UNSTABLE
Food_Item_057,Food,297.82,296.33,230.71,229.55,False,UNSTABLE
Food_Item_058,Food,49.52,44.49,178.27,160.16,False,UNSTABLE
Food_Item_059,Food,27.95,35.36,75.47,95.46,True,OK
Food_Item_060,Food,43.22,46.77,204.3,221.1,True,OK
Food_Item_061,Food,44.97,58.63,194.29,253.28,True,OK
Food_Item_062,Food,143.66,185.12,64.25,82.79,True,OK
Food_Item_063,Food,45.33,59.51,91.52,120.16,True,OK
Food_Item_064,Food,79.67,100.0,101.82,127.81,True,OK
Food_Item_065,Food,32.42,41.42,114.57,146.38,True,OK
Food_Item_066,Food,27.51,26.66,90.42,87.64,False,UNSTABLE
Food_Item_067,Food,376.6,129.5,81.02,27.86,False,UNSTABLE
Food_Item_068,Food,122.62,175.3,140.14,200.34,True,OK
Food_Item_069,Food,32.35,91.86,42.61,120.98,True,OK
Food_Item_070,Food,61.35,80.36,88.48,115.9,True,OK
Food_Item_071,Food,65.84,73.6,114.69,128.2,True,OK
Food_Item_072,Food,127.65,133.85,131.3,137.68,True,OK
Food_Item_073,Food,17.62,20.32,58.12,67.04,True,OK
Food_Item_074,Food,21.17,23.57,70.04,78.0,True,OK
Food_Item_075,Food,52.2,177.22,26.32,89.38,True,OK
Food_Item_076,Food,37.97,113.12,92.16,274.54,True,OK
Food_Item_077,Food,56.58,69.25,85.58,104.75,True,OK
Food_Item_078,Food,33.98,31.16,89.08,81.68,False,UNSTABLE
Food_Item_079,Food,36.54,77.0,268.99,566.81,True,OK
Food_Item_080,Food,107.87,77.0,286.93,204.81,False,UNSTABLE
Food_Item_081,Food,91.79,173.69,114.35,216.37,True,OK
Food_Item_082,Food,67.92,63.18,64.57,60.07,False,UNSTABLE
Food_Item_083,Food,10.32,12.98,112.62,141.61,True,OK
Food_Item_084,Food,17.85,28.93,90.43,146.54,True,OK
Food_Item_085,Food,161.89,98.95,29.26,17.89,False,UNSTABLE
Food_Item_086,Food,422.53,353.41,151.1,126.38,False,UNSTABLE
Food_Item_087,Food,134.32,151.73,95.44,107.81,True,OK
Food_Item_088,Food,82.38,94.1,84.78,96.84,True,OK
Food_Item_089,Food,1127.52,1423.79,411.39,519.49,True,OK
Food_Item_090,Food,102.53,45.64,104.96,46.73,False,UNSTABLE
Food_Item_091,Food,108.11,168.33,74.84,116.53,True,OK
Food_Item_092,Food,159.77,75.69,107.51,50.93,False,UNSTABLE
Food_Item_093,Food,24.88,37.36,74.84,112.4,True,OK
Food_Item_094,Food,80.75,91.86,70.79,80.53,True,OK
Food_Item_095,Food,68.42,121.96,63.92,113.94,True,OK
Food_Item_096,Food,160.79,156.83,788.51,769.07,False,UNSTABLE
Food_Item_097,Food,198.09,189.76,656.17,628.58,False,UNSTABLE
Food_Item_098,Food,6.92,18.6,53.35,143.26,True,OK
Food_Item_099,Food,27.11,24.24,96.65,86.39,False,UNSTABLE
Food_Item_100,Food,70.53,146.27,79.18,164.22,True,OK
Food_Item_101,Food,212.88,190.94,39.47,35.4,False,UNSTABLE
Food_Item_102,Food,266.45,201.3,123.77,93.51,False,UNSTABLE
Food_Item_103,Food,137.17,162.02,120.94,142.84,True,OK
Food_Item_104,Food,146.75,98.95,136.04,91.73,False,UNSTABLE
Food_Item_105,Food,264.4,316.89,102.17,122.45,True,OK
Food_Item_106,Food,97.02,179.7,111.47,206.46,True,OK
Food_Item_107,Food,104.63,108.01,91.13,94.08,True,OK
Food_Item_108,Food,128.31,93.54,43.99,32.07,False,UNSTABLE
Food_Item_109,Food,21.68,36.75,81.23,137.72,True,OK
Food_Item_110,Food,55.17,109.96,63.45,126.47,True,OK
Food_Item_111,Food,61.91,63.87,81.15,83.71,True,OK
Food_Item_112,Food,28.55,30.96,301.94,327.43,True,OK
Food_Item_113,Food,22.75,29.51,169.43,219.8,True,OK
Food_Item_114,Food,30.78,30.07,400.46,391.26,False,UNSTABLE
Food_Item_115,Food,25.61,21.79,323.23,275.03,False,UNSTABLE
Food_Item_116,Food,55.64,53.58,190.76,183.7,False,UNSTABLE
Food_Item_117,Food,431.58,479.58,86.72,96.36,True,OK
Food_Item_118,Food,245.72,232.51,97.93,92.66,False,UNSTABLE
Food_Item_119,Food,228.36,314.08,115.79,159.25,True,OK
Food_Item_120,Food,120.34,97.89,135.38,110.13,False,UNSTABLE
Food_Item_121,Food,220.16,425.73,166.28,321.53,True,OK
Food_Item_122,Food,72.46,88.98,86.95,106.77,True,OK
Food_Item_123,Food,71.98,141.05,58.67,114.97,True,OK
Food_Item_124,Food,136.47,53.03,85.69,33.3,False,UNSTABLE
Food_Item_125,Food,25.11,38.31,97.41,148.63,True,OK
Food_Item_126,Food,40.04,86.74,52.21,113.12,True,OK
Food_Item_127,Food,15.89,26.24,129.7,214.14,True,OK
Food_Item_128,Food,17.45,20.82,164.13,195.84,True,OK
Food_Item_129,Food,1167.63,1173.14,176.31,177.14,True,OK
Food_Item_130,Food,315.09,262.4,115.55,96.23,False,UNSTABLE
Food_Item_131,Food,95.81,88.98,39.95,37.1,False,UNSTABLE
Food_Item_132,Food,36.45,94.1,19.78,51.07,True,OK
Food_Item_133,Food,68.74,48.95,147.61,105.11,False,UNSTABLE
Food_Item_134,Food,52.15,35.36,93.09,63.11,False,UNSTABLE
Food_Item_135,Food,173.91,621.99,105.82,378.45,True,OK
Food_Item_136,Food,152.83,77.73,87.1,44.3,False,UNSTABLE
Food_Item_137,Food,37.36,33.04,138.95,122.87,False,UNSTABLE
Food_Item_138,Food,94.13,96.71,137.95,141.72,True,OK
Food_Item_140,Food,12.56,25.82,114.21,234.73,True,OK
Food_Item_141,Food,356.13,393.7,146.91,162.41,True,OK
Food_Item_142,Food,155.76,191.63,106.87,131.48,True,OK
Food_Item_143,Food,41.3,78.32,35.4,67.13,True,OK
Food_Item_144,Food,44.83,40.98,99.42,90.87,False,UNSTABLE
Food_Item_145,Food,120.54,40.47,215.02,72.19,False,UNSTABLE
Food_Item_146,Food,51.28,150.97,129.09,380.06,True,OK
Food_Item_147,Food,141.35,174.27,245.04,302.11,True,OK
Food_Item_148,Food,70.01,77.67,85.54,94.9,True,OK
Food_Item_149,Food,125.86,131.5,142.34,148.71,True,OK
Food_Item_150,Food,22.64,12.54,79.28,43.93,False,UNSTABLE
Food_Item_151,Food,15.42,17.2,45.59,50.88,True,OK
Food_Item_152,Food,155.43,194.39,57.33,71.7,True,OK
Food_Item_153,Food,173.85,138.08,61.89,49.15,False,UNSTABLE
Food_Item_154,Food,181.21,231.88,71.22,91.13,True,OK
Food_Item_155,Food,22.39,24.41,48.3,52.65,True,OK
Food_Item_156,Food,48.76,55.26,138.2,156.66,True,OK
Food_Item_157,Food,196.84,205.8,92.83,97.06,True,OK
Food_Item_158,Food,66.2,97.57,53.63,79.06,True,OK
Food_Item_159,Food,14.31,15.3,139.76,149.37,True,OK
Food_Item_160,Food,36.83,49.1,156.74,208.94,True,OK
Food_Item_161,Food,10.98,14.36,197.06,257.7,True,OK
Food_Item_162,Food,16.12,12.44,221.85,171.2,False,UNSTABLE
Food_Item_163,Food,6.87,15.12,113.73,250.36,True,OK
Food_Item_164,Food,14.03,12.23,258.1,225.14,False,UNSTABLE
Food_Item_165,Food,13.65,10.86,174.3,138.58,False,UNSTABLE
Food_Item_166,Food,18.83,29.08,156.45,241.61,True,OK
Food_Item_167,Food,13.78,10.55,166.61,127.55,False,UNSTABLE
Food_Item_168,Food,7.06,7.28,89.48,92.28,True,OK
Food_Item_169,Food,11.03,10.21,229.16,211.98,False,UNSTABLE
Food_Item_170,Food,35.38,38.19,84.6,91.32,True,OK
Food_Item_172,Food,35.86,46.77,126.42,164.89,True,OK
Food_Item_176,Food,55.98,19.69,146.29,51.46,False,UNSTABLE
Food_Item_177,Food,56.59,30.99,64.93,35.56,False,UNSTABLE
Food_Item_178,Food,78.03,42.08,81.59,44.0,False,UNSTABLE
Food_Item_179,Food,65.98,41.4,82.23,51.6,False,UNSTABLE
Food_Item_180,Food,37.0,20.58,66.7,37.09,False,UNSTABLE
Food_Item_181,Food,34.27,49.62,61.16,88.54,True,OK
Food_Item_182,Food,20.31,36.33,65.86,117.84,True,OK
Food_Item_183,Food,48.44,79.71,42.52,69.96,True,OK
Food_Item_184,Food,23.66,27.14,54.37,62.37,True,OK
Food_Item_185,Food,9.85,5.42,58.94,32.42,False,UNSTABLE
Food_Item_186,Food,6.75,3.58,62.72,33.3,False,UNSTABLE
Food_Item_187,Food,8.3,20.02,48.98,118.13,True,OK
Food_Item_188,Food,9.95,9.51,63.18,60.44,False,UNSTABLE
Food_Item_189,Food,17.01,20.08,38.09,44.98,True,OK
Food_Item_190,Food,31.77,30.36,72.85,69.61,False,UNSTABLE
Food_Item_191,Food,4.34,7.74,65.98,117.66,True,OK
Food_Item_192,Food,11.54,5.15,86.69,38.66,False,UNSTABLE
Food_Item_193,Food,13.4,15.15,42.37,47.91,True,OK
Food_Item_194,Food,5.87,6.42,482.68,527.78,True,OK
Food_Item_195,Food,6.85,11.48,30.17,50.56,True,OK
Food_Item_196,Food,10.83,11.39,97.8,102.89,True,OK
Food_Item_197,Food,10.3,16.93,37.5,61.63,True,OK
Food_Item_198,Food,4.96,15.81,44.94,143.21,True,OK
Food_Item_199,Food,20.71,22.22,88.39,94.86,True,OK
Food_Item_200,Food,9.04,10.09,34.75,38.78,True,OK
Food_Item_201,Food,6.78,6.03,37.69,33.52,False,UNSTABLE
Food_Item_202,Food,41.5,38.37,168.5,155.81,False,UNSTABLE
Food_Item_203,Food,7.91,10.92,49.62,68.46,True,OK
Food_Item_204,Food,6.54,6.12,96.02,89.86,False,UNSTABLE
Food_Item_205,Food,8.33,7.99,117.69,112.9,False,UNSTABLE
Food_Item_206,Food,11.15,7.91,36.21,25.67,False,UNSTABLE
Food_Item_207,Food,9.88,12.61,55.09,70.34,True,OK
Food_Item_209,Food,5.69,10.09,48.43,85.82,True,OK
Food_Item_210,Food,7.18,6.26,75.84,66.13,False,UNSTABLE
Food_Item_211,Food,22.12,29.52,121.52,162.14,True,OK
Food_Item_212,Food,1.7,1.47,163.59,141.84,False,UNSTABLE
Food_Item_213,Food,4.48,3.94,76.41,67.15,False,UNSTABLE
Food_Item_214,Food,3.62,3.37,122.99,114.33,False,UNSTABLE
Food_Item_215,Food,2.14,0.91,131.41,56.02,False,UNSTABLE
Food_Item_216,Food,2.27,2.08,22.56,20.7,False,UNSTABLE
Food_Item_217,Food,9.48,12.64,53.34,71.09,True,OK
Food_Item_218,Food,3.77,3.79,112.8,113.36,True,OK
Food_Item_219,Food,2.87,1.96,99.17,67.77,False,UNSTABLE
Food_Item_220,Food,2.71,3.54,143.59,187.18,True,OK
Food_Item_222,Food,6.82,7.13,150.42,157.15,True,OK
Food_Item_223,Food,2.64,2.55,40.79,39.45,False,UNSTABLE
Food_Item_224,Food,2.49,3.03,63.54,77.15,True,OK
Food_Item_225,Food,4.11,4.34,112.17,118.36,True,OK
Food_Item_226,Food,7.73,19.34,87.2,218.02,True,OK
Food_Item_227,Food,14.38,11.06,52.64,40.49,False,UNSTABLE
Food_Item_228,Food,4.11,4.81,69.51,81.48,True,OK
Food_Item_229,Food,88.67,92.52,354.4,369.81,True,OK
Food_Item_230,Food,14.71,29.79,75.81,153.52,True,OK
Food_Item_232,Food,4.72,9.49,79.9,160.59,True,OK
Food_Item_233,Food,50.9,32.53,127.72,81.64,False,UNSTABLE
Food_Item_234,Food,18.57,19.66,301.9,319.69,True,OK
Food_Item_235,Food,5.1,4.65,92.95,84.92,False,UNSTABLE
Food_Item_236,Food,2.09,2.74,101.54,132.94,True,OK
Food_Item_237,Food,7.77,7.25,87.93,82.03,False,UNSTABLE
Food_Item_238,Food,4.72,3.83,131.3,106.6,False,UNSTABLE
Food_Item_239,Food,1.96,3.21,84.42,138.51,True,OK
Food_Item_240,Food,3.03,3.92,72.5,93.56,True,OK
Food_Item_241,Food,5.05,6.35,141.24,177.55,True,OK
Food_Item_243,Food,17.23,16.07,117.73,109.81,False,UNSTABLE
Food_Item_244,Food,7.39,6.92,127.57,119.4,False,UNSTABLE
Food_Item_245,Food,5.53,8.14,78.39,115.38,True,OK
Food_Item_246,Food,6.21,8.05,93.4,121.12,True,OK
Food_Item_247,Food,7.54,4.86,92.51,59.7,False,UNSTABLE
Food_Item_248,Food,2.15,1.78,44.06,36.54,False,UNSTABLE
Food_Item_249,Food,2.04,1.47,54.36,39.16,False,UNSTABLE
Food_Item_250,Food,57.15,27.87,126.23,61.56,False,UNSTABLE
Food_Item_251,Food,2.49,2.2,306.99,270.98,False,UNSTABLE
Food_Item_252,Food,4.03,5.55,105.47,145.43,True,OK
Food_Item_253,Food,3.61,5.2,62.81,90.51,True,OK
Food_Item_254,Food,5.55,7.02,79.05,100.07,True,OK
Food_Item_255,Food,52.98,38.26,80.08,57.83,False,UNSTABLE
Food_Item_256,Food,5.41,7.57,88.69,124.24,True,OK
Food_Item_257,Food,8.17,17.37,76.21,162.03,True,OK
Food_Item_258,Food,3.11,2.89,51.4,47.67,False,UNSTABLE
Food_Item_259,Food,114.26,31.51,185.59,51.18,False,UNSTABLE
Food_Item_260,Food,11.51,22.59,273.54,536.99,True,OK
Food_Item_262,Food,3.42,2.83,48.93,40.52,False,UNSTABLE
Food_Item_263,Food,7.7,5.92,112.47,86.38,False,UNSTABLE
Food_Item_264,Food,2.09,2.2,76.26,80.21,True,OK
Food_Item_265,Food,1.99,2.97,56.19,83.83,True,OK
Food_Item_266,Food,3.23,2.24,108.28,75.0,False,UNSTABLE
Food_Item_267,Food,2.37,3.24,222.97,304.98,True,OK
Food_Item_268,Food,4.41,5.07,364.91,419.55,True,OK
Food_Item_269,Food,3.58,2.77,78.55,60.78,False,UNSTABLE
Food_Item_270,Food,7.41,6.6,96.9,86.24,False,UNSTABLE
Food_Item_271,Food,50.58,61.17,78.7,95.17,True,OK
Food_Item_272,Food,3.41,9.34,98.99,271.05,True,OK
Food_Item_273,Food,8.61,7.09,141.77,116.77,False,UNSTABLE
Food_Item_274,Food,4.05,2.2,77.25,41.91,False,UNSTABLE
Food_Item_275,Food,6.75,7.26,137.84,148.17,True,OK
Food_Item_276,Food,3.89,3.44,165.78,146.67,False,UNSTABLE
Food_Item_277,Food,2.77,21.75,81.92,642.57,True,OK
Food_Item_278,Food,3.41,4.36,176.22,225.46,True,OK
Footwear_Item_003,Footwear,71.98,37.83,200.16,105.19,False,UNSTABLE
Footwear_Item_004,Footwear,101.9,257.37,156.46,395.17,True,OK
Footwear_Item_005,Footwear,47.57,46.9,111.11,109.54,False,UNSTABLE
Footwear_Item_006,Footwear,306.79,274.97,352.86,316.27,False,UNSTABLE
Footwear_Item_007,Footwear,41.92,154.95,105.19,388.83,True,OK
Furniture_Item_001,Furniture,2528.32,2020.12,72.82,58.18,False,UNSTABLE
Furniture_Item_002,Furniture,275.31,316.98,53.21,61.26,True,OK
Furniture_Item_003,Furniture,1104.44,700.25,64.07,40.62,False,UNSTABLE
Furniture_Item_004,Furniture,281.06,331.88,66.66,78.71,True,OK
Furniture_Item_005,Furniture,708.44,783.6,703.63,778.27,True,OK
Furniture_Item_006,Furniture,55.92,19.09,41.53,14.17,False,UNSTABLE
Furniture_Item_007,Furniture,15542.07,27065.09,69.77,121.49,True,OK
Furniture_Item_008,Furniture,4238.59,3786.64,58.19,51.98,False,UNSTABLE
Furniture_Item_009,Furniture,207.85,109.53,151.27,79.71,False,UNSTABLE
Furniture_Item_010,Furniture,533.8,922.46,50.34,86.99,True,OK
Furniture_Item_011,Furniture,473.67,187.17,148.58,58.71,False,UNSTABLE
Furniture_Item_012,Furniture,4836.85,2880.58,76.15,45.35,False,UNSTABLE
Furniture_Item_013,Furniture,315.89,286.56,35.36,32.07,False,UNSTABLE
Furniture_Item_014,Furniture,790.88,750.18,87.57,83.06,False,UNSTABLE
Furniture_Item_015,Furniture,328.25,373.1,90.96,103.38,True,OK
Furniture_Item_016,Furniture,1283.21,1600.47,99.24,123.77,True,OK
Furniture_Item_017,Furniture,1142.7,1541.0,70.81,95.49,True,OK
Furniture_Item_018,Furniture,262.01,209.65,90.92,72.75,False,UNSTABLE
Furniture_Item_019,Furniture,621.65,591.76,55.32,52.66,False,UNSTABLE
Furniture_Item_020,Furniture,16405.5,21008.71,85.89,109.99,True,OK
Furniture_Item_021,Furniture,1471.77,1340.93,123.4,112.43,False,UNSTABLE
Furniture_Item_022,Furniture,6022.14,5375.89,59.33,52.96,False,UNSTABLE
Furniture_Item_023,Furniture,4347.49,9124.48,61.65,129.39,True,OK
Furniture_Item_024,Furniture,3817.39,3804.05,93.8,93.47,False,UNSTABLE
Furniture_Item_025,Furniture,710.35,812.74,59.57,68.15,True,OK
Furniture_Item_026,Furniture,348.88,274.37,85.2,67.0,False,UNSTABLE
Furniture_Item_027,Furniture,158.83,13.4,137.56,11.6,False,UNSTABLE
Furniture_Item_028,Furniture,286.97,339.62,77.38,91.58,True,OK
Furniture_Item_029,Furniture,5202.37,8491.07,33.7,55.01,True,OK
Furniture_Item_030,Furniture,1848.72,2195.83,96.66,114.81,True,OK
Furniture_Item_031,Furniture,32099.75,46641.83,82.0,119.15,True,OK
Furniture_Item_032,Furniture,489.0,416.33,140.97,120.02,False,UNSTABLE
Furniture_Item_033,Furniture,3284.25,2867.33,72.48,63.27,False,UNSTABLE
Furniture_Item_034,Furniture,206.9,214.6,72.67,75.37,True,OK
Furniture_Item_035,Furniture,11305.39,11928.42,56.52,59.64,True,OK
Furniture_Item_036,Furniture,1253.7,1872.61,124.73,186.31,True,OK
Furniture_Item_037,Furniture,1335.48,1433.27,64.98,69.74,True,OK
Furniture_Item_038,Furniture,8216.77,11827.24,104.56,150.51,True,OK
Furniture_Item_039,Furniture,722.43,262.09,222.64,80.77,False,UNSTABLE
Furniture_Item_040,Furniture,2733.17,2489.5,53.29,48.54,False,UNSTABLE
Furniture_Item_041,Furniture,1046.09,888.82,150.34,127.73,False,UNSTABLE
Furniture_Item_042,Furniture,6074.39,7327.47,85.56,103.21,True,OK
Furniture_Item_043,Furniture,12118.66,17727.25,62.89,92.0,True,OK
Furniture_Item_044,Furniture,7757.45,5459.97,35.91,25.27,False,UNSTABLE
Furniture_Item_045,Furniture,46.81,25.85,41.35,22.83,False,UNSTABLE
Furniture_Item_046,Furniture,1408.97,451.26,40.06,12.83,False,UNSTABLE
Furniture_Item_047,Furniture,217.36,193.35,135.43,120.47,False,UNSTABLE
Furniture_Item_048,Furniture,4978.47,3595.45,95.51,68.98,False,UNSTABLE
Furniture_Item_049,Furniture,837.51,737.16,126.25,111.12,False,UNSTABLE
Furniture_Item_050,Furniture,970.81,486.38,34.02,17.04,False,UNSTABLE
Furniture_Item_051,Furniture,290.83,158.73,62.09,33.89,False,UNSTABLE
Furniture_Item_052,Furniture,813.65,353.01,86.55,37.55,False,UNSTABLE
Furniture_Item_053,Furniture,1615.88,1267.91,46.49,36.48,False,UNSTABLE
Furniture_Item_054,Furniture,7782.57,6066.1,85.63,66.75,False,UNSTABLE
Furniture_Item_055,Furniture,9156.42,8940.49,146.82,143.36,False,UNSTABLE
Furniture_Item_056,Furniture,1195.46,1281.77,227.4,243.81,True,OK
Furniture_Item_057,Furniture,4541.86,4229.14,104.59,97.39,False,UNSTABLE
Furniture_Item_058,Furniture,1486.42,999.73,191.59,128.86,False,UNSTABLE
Furniture_Item_059,Furniture,2262.39,1561.62,154.56,106.68,False,UNSTABLE
Furniture_Item_060,Furniture,665.83,685.43,102.57,105.59,True,OK
Furniture_Item_061,Furniture,18.8,13.97,48.18,35.8,False,UNSTABLE
Furniture_Item_075,Furniture,889.8,282.96,288.27,91.67,False,UNSTABLE
Furniture_Item_077,Furniture,1341.68,933.02,82.74,57.54,False,UNSTABLE
Furniture_Item_078,Furniture,1323.35,1478.2,68.06,76.02,True,OK
Furniture_Item_079,Furniture,4242.11,2561.06,79.92,48.25,False,UNSTABLE
Furniture_Item_080,Furniture,24.78,18.26,50.14,36.94,False,UNSTABLE
Furniture_Item_081,Furniture,1391.25,1428.32,125.64,128.99,True,OK
Furniture_Item_082,Furniture,538.97,865.14,105.1,168.7,True,OK
Furniture_Item_083,Furniture,358.36,412.77,175.96,202.67,True,OK
Furniture_Item_084,Furniture,253.49,147.46,128.81,74.93,False,UNSTABLE
Furniture_Item_085,Furniture,103.17,139.06,40.73,54.9,True,OK
Furniture_Item_086,Furniture,66.79,47.66,74.95,53.49,False,UNSTABLE
Furniture_Item_087,Furniture,30.63,30.44,411.95,409.31,False,UNSTABLE
Furniture_Item_088,Furniture,111.91,148.06,31.6,41.81,True,OK
Furniture_Item_089,Furniture,10.18,5.92,44.87,26.08,False,UNSTABLE
Furniture_Item_090,Furniture,6.98,9.64,179.4,247.76,True,OK
Furniture_Item_091,Furniture,78.41,107.32,55.9,76.5,True,OK
Furniture_Item_092,Furniture,46.59,50.58,92.32,100.23,True,OK
Furniture_Item_093,Furniture,25.41,23.6,294.64,273.75,False,UNSTABLE
Furniture_Item_094,Furniture,128.18,612.29,35.67,170.4,True,OK
Furniture_Item_095,Furniture,42.6,10.8,82.16,20.83,False,UNSTABLE
Furniture_Item_096,Furniture,3799.75,3979.74,464.91,486.93,True,OK
Furniture_Item_097,Furniture,379.45,184.3,61.42,29.83,False,UNSTABLE
Furniture_Item_098,Furniture,2.35,1.68,93.97,67.33,False,UNSTABLE
Furniture_Item_100,Furniture,4472.91,6113.51,93.15,127.32,True,OK
Furniture_Item_101,Furniture,626268.38,603729.16,50.02,48.22,False,UNSTABLE
Furniture_Item_102,Furniture,6958.39,4763.62,48.65,33.31,False,UNSTABLE
Furniture_Item_103,Furniture,172783.17,162761.58,88.38,83.25,False,UNSTABLE
Furniture_Item_105,Furniture,28579.39,27284.52,27.02,25.8,False,UNSTABLE
Furniture_Item_106,Furniture,192.67,254.1,41.26,54.42,True,OK
Furniture_Item_107,Furniture,474.77,709.46,66.76,99.77,True,OK
Furniture_Item_108,Furniture,166.08,182.57,77.21,84.88,True,OK
Furniture_Item_109,Furniture,508.36,726.87,54.68,78.19,True,OK
Furniture_Item_110,Furniture,233.82,261.41,82.52,92.26,True,OK
Furniture_Item_111,Furniture,6.06,21.82,31.73,114.16,True,OK
Furniture_Item_112,Furniture,11.42,10.32,86.82,78.49,False,UNSTABLE
Furniture_Item_113,Furniture,13.62,24.47,76.85,138.14,True,OK
Furniture_Item_114,Furniture,3.8,7.7,46.24,93.8,True,OK
Furniture_Item_115,Furniture,360.39,203.18,71.5,40.31,False,UNSTABLE
Furniture_Item_116,Furniture,272.13,161.76,49.5,29.42,False,UNSTABLE
Furniture_Item_117,Furniture,75.6,17.47,280.79,64.88,False,UNSTABLE
Furniture_Item_118,Furniture,42.47,41.33,312.87,304.51,False,UNSTABLE
Furniture_Item_119,Furniture,44.53,40.42,54.04,49.05,False,UNSTABLE
Furniture_Item_120,Furniture,12.41,6.6,49.1,26.09,False,UNSTABLE
Furniture_Item_121,Furniture,101.78,43.61,95.81,41.06,False,UNSTABLE
Furniture_Item_122,Furniture,160.02,144.41,149.18,134.63,False,UNSTABLE
Furniture_Item_123,Furniture,131.69,130.49,77.03,76.33,False,UNSTABLE
Furniture_Item_124,Furniture,119.21,12.42,108.65,11.32,False,UNSTABLE
Furniture_Item_125,Furniture,60.04,29.34,51.75,25.29,False,UNSTABLE
Furniture_Item_126,Furniture,56.16,126.52,30.0,67.58,True,OK
Furniture_Item_127,Furniture,472.61,854.26,106.83,193.09,True,OK
Furniture_Item_128,Furniture,31.79,8.62,129.89,35.23,False,UNSTABLE
Furniture_Item_129,Furniture,8.36,11.63,57.21,79.57,True,OK
Furniture_Item_130,Furniture,2.12,4.0,64.35,121.35,True,OK
Furniture_Item_131,Furniture,384.91,532.29,78.14,108.06,True,OK
Furniture_Item_132,Furniture,12.92,11.19,119.04,103.07,False,UNSTABLE
Furniture_Item_133,Furniture,5876.37,1878.83,164.63,52.64,False,UNSTABLE
Furniture_Item_134,Furniture,15366.31,8165.37,260.35,138.35,False,UNSTABLE
Furniture_Item_135,Furniture,123284.01,111588.34,43.67,39.53,False,UNSTABLE
Furniture_Item_136,Furniture,1764.54,496.66,158.02,44.48,False,UNSTABLE
Furniture_Item_137,Furniture,5211.76,5183.79,642.55,639.1,False,UNSTABLE
Furniture_Item_138,Furniture,3535.83,4108.12,84.52,98.2,True,OK
Furniture_Item_140,Furniture,6.06,4.08,144.67,97.46,False,UNSTABLE
Furniture_Item_141,Furniture,16.25,14.39,44.07,39.04,False,UNSTABLE
Gardening_Item_002,Gardening,28478.97,36663.45,119.05,153.27,True,OK
Gardening_Item_003,Gardening,18634.19,19941.58,138.78,148.52,True,OK
Gardening_Item_005,Gardening,191.46,230.94,107.95,130.21,True,OK
Gardening_Item_006,Gardening,3910.4,4082.48,139.46,145.6,True,OK
Gardening_Item_007,Gardening,765.54,378.59,34.65,17.14,False,UNSTABLE
Gardening_Item_008,Gardening,31873.02,29583.22,35.42,32.88,False,UNSTABLE
Gardening_Item_009,Gardening,202.78,465.92,144.08,331.05,True,OK
Gardening_Item_010,Gardening,12596.09,10984.84,61.36,53.51,False,UNSTABLE
Gardening_Item_011,Gardening,228.53,628.49,121.12,333.1,True,OK
Gardening_Item_012,Gardening,597.43,484.77,96.3,78.14,False,UNSTABLE
Gardening_Item_013,Gardening,14876.53,25126.35,52.1,87.99,True,OK
Gardening_Item_014,Gardening,526.86,826.64,79.69,125.04,True,OK
Gardening_Item_015,Gardening,8859.02,7314.37,134.38,110.95,False,UNSTABLE
Gardening_Item_016,Gardening,575.48,575.91,143.21,143.31,True,OK
Gardening_Item_017,Gardening,544.87,4161.93,42.34,323.37,True,OK
Gardening_Item_018,Gardening,3974.65,1732.05,79.79,34.77,False,UNSTABLE
Gardening_Item_019,Gardening,20265.02,26239.28,211.26,273.54,True,OK
Gardening_Item_020,Gardening,445.29,445.35,209.09,209.12,True,OK
Gardening_Item_021,Gardening,22655.28,29137.6,26.76,34.42,True,OK
Gardening_Item_022,Gardening,349.26,255.77,89.21,65.33,False,UNSTABLE
Gardening_Item_023,Gardening,4759.12,6403.12,56.11,75.5,True,OK
Gardening_Item_024,Gardening,2368.9,3763.86,35.83,56.93,True,OK
Gardening_Item_025,Gardening,6399.69,5016.64,127.99,100.33,False,UNSTABLE
Gardening_Item_026,Gardening,691.16,881.29,90.67,115.61,True,OK
Gardening_Item_027,Gardening,11541.0,6123.72,128.23,68.04,False,UNSTABLE
Gardening_Item_028,Gardening,616.71,501.66,52.36,42.59,False,UNSTABLE
Gardening_Item_029,Gardening,539.87,494.97,93.51,85.73,False,UNSTABLE
Gardening_Item_030,Gardening,7672.7,5446.71,55.1,39.11,False,UNSTABLE
Gardening_Item_032,Gardening,1149.49,763.76,55.92,37.16,False,UNSTABLE
Gardening_Item_033,Gardening,2423.82,735.98,107.73,32.71,False,UNSTABLE
Gardening_Item_034,Gardening,4536.95,6438.81,377.47,535.71,True,OK
Gardening_Item_035,Gardening,7080.85,11450.98,66.96,108.28,True,OK
Gardening_Item_036,Gardening,16297.77,17198.59,196.67,207.54,True,OK
Gardening_Item_037,Gardening,7977.51,5082.65,148.07,94.34,False,UNSTABLE
Gardening_Item_038,Gardening,1572.12,1695.58,228.28,246.21,True,OK
Gardening_Item_039,Gardening,26609.3,29418.67,79.92,88.35,True,OK
Gardening_Item_040,Gardening,26507.46,24843.68,205.66,192.75,False,UNSTABLE
Gardening_Item_041,Gardening,109789.26,13603.0,310.89,38.52,False,UNSTABLE
Gardening_Item_042,Gardening,1755.61,2150.58,127.93,156.71,True,OK
Gardening_Item_043,Gardening,3171.85,781.02,70.96,17.47,False,UNSTABLE
Gardening_Item_044,Gardening,3689.25,4060.79,76.8,84.54,True,OK
Gardening_Item_045,Gardening,3496.0,2552.78,108.69,79.37,False,UNSTABLE
Gardening_Item_046,Gardening,2548.84,1235.58,185.25,89.8,False,UNSTABLE
Gardening_Item_048,Gardening,767.17,1190.24,147.95,229.55,True,OK
Gardening_Item_049,Gardening,2487.96,3696.85,216.69,321.98,True,OK
Gardening_Item_050,Gardening,5415.42,4453.46,158.07,129.99,False,UNSTABLE
Gardening_Item_051,Gardening,1747.07,1581.14,83.56,75.62,False,UNSTABLE
Gardening_Item_054,Gardening,7584.99,8346.26,219.97,242.05,True,OK
Gardening_Item_055,Gardening,4196.51,5074.12,127.24,153.85,True,OK
Gardening_Item_056,Gardening,5054.23,248.33,138.95,6.83,False,UNSTABLE
Gardening_Item_057,Gardening,846.59,640.31,25.51,19.3,False,UNSTABLE
Gardening_Item_058,Gardening,1761.88,12274.91,18.36,127.93,True,OK
Gardening_Item_059,Gardening,3376.81,2603.2,94.94,73.19,False,UNSTABLE
Gardening_Item_061,Gardening,9549.83,7311.52,137.15,105.01,False,UNSTABLE
Gardening_Item_062,Gardening,4155.06,3769.39,211.67,192.03,False,UNSTABLE
Gardening_Item_063,Gardening,2204.55,4056.89,94.48,173.87,True,OK
Gardening_Item_065,Gardening,935.74,3265.99,101.71,355.0,True,OK
Gardening_Item_066,Gardening,221.19,135.4,131.26,80.35,False,UNSTABLE
Gardening_Item_067,Gardening,5846.77,6454.97,57.72,63.72,True,OK
Gardening_Item_070,Gardening,5228.79,6916.16,118.14,156.26,True,OK
Gardening_Item_071,Gardening,610.25,593.01,462.05,449.0,False,UNSTABLE
Gardening_Item_072,Gardening,2436.63,1732.05,92.66,65.87,False,UNSTABLE
Gardening_Item_073,Gardening,1595.43,1512.72,146.04,138.47,False,UNSTABLE
Gardening_Item_074,Gardening,4093.18,4527.69,60.89,67.35,True,OK
Gardening_Item_075,Gardening,11360.77,8736.89,58.62,45.08,False,UNSTABLE
Gardening_Item_076,Gardening,994.73,1326.65,225.88,301.25,True,OK
Gardening_Item_077,Gardening,45801.79,53262.71,206.97,240.69,True,OK
Gardening_Item_078,Gardening,502.39,645.5,47.55,61.09,True,OK
Gardening_Item_079,Gardening,1525.52,408.25,156.99,42.01,False,UNSTABLE
Gardening_Item_081,Gardening,1417.85,1290.99,78.13,71.14,False,UNSTABLE
Gardening_Item_082,Gardening,2102.3,1732.05,73.72,60.73,False,UNSTABLE
Gardening_Item_083,Gardening,3646.82,2549.51,243.12,169.97,False,UNSTABLE
Gardening_Item_084,Gardening,3772.91,5759.05,114.46,174.71,True,OK
Gardening_Item_085,Gardening,5533.45,8951.26,69.25,112.02,True,OK
Gardening_Item_086,Gardening,5292.86,4377.98,120.85,99.96,False,UNSTABLE
Gardening_Item_087,Gardening,8696.95,5315.07,159.47,97.46,False,UNSTABLE
Gardening_Item_088,Gardening,3072.22,2309.4,57.91,43.53,False,UNSTABLE
Gardening_Item_089,Gardening,2896.86,4434.71,77.54,118.71,True,OK
Gardening_Item_090,Gardening,5833.34,6324.56,116.24,126.02,True,OK
Gardening_Item_091,Gardening,2647.14,2708.01,45.24,46.28,True,OK
Gardening_Item_092,Gardening,9282.6,11210.11,60.13,72.62,True,OK
Gardening_Item_093,Gardening,4334.95,3717.97,76.15,65.31,False,UNSTABLE
Gardening_Item_094,Gardening,2140.61,3135.81,95.53,139.95,True,OK
Gardening_Item_095,Gardening,8058.02,8925.62,150.05,166.2,True,OK
Gardening_Item_096,Gardening,9871.79,9763.88,121.71,120.38,False,UNSTABLE
Gardening_Item_097,Gardening,607.25,294.39,115.24,55.87,False,UNSTABLE
Gardening_Item_098,Gardening,4072.22,8666.79,99.68,212.15,True,OK
Gardening_Item_099,Gardening,1281.17,1224.74,167.25,159.88,False,UNSTABLE
General_Merchandise_Item_001,General_Merchandise,57134.99,64549.72,35.75,40.39,True,OK
General_Merchandise_Item_002,General_Merchandise,159642.83,68799.22,34.5,14.87,False,UNSTABLE
General_Merchandise_Item_003,General_Merchandise,7865.8,7071.07,35.4,31.82,False,UNSTABLE
General_Merchandise_Item_004,General_Merchandise,91633.8,99916.63,186.73,203.6,True,OK
Hardware_Item_001,Hardware,114.01,233.28,74.17,151.76,True,OK
Hardware_Item_002,Hardware,89.03,104.17,583.99,683.28,True,OK
Hardware_Item_003,Hardware,1452.48,351.06,173.13,41.85,False,UNSTABLE
Hardware_Item_004,Hardware,386.42,340.32,34.48,30.37,False,UNSTABLE
Hardware_Item_005,Hardware,128.94,112.55,181.14,158.12,False,UNSTABLE
Hardware_Item_006,Hardware,1285.9,784.87,71.88,43.87,False,UNSTABLE
Hardware_Item_007,Hardware,463.67,132.42,196.69,56.17,False,UNSTABLE
Hardware_Item_008,Hardware,234.53,120.58,41.23,21.2,False,UNSTABLE
Hardware_Item_009,Hardware,182.32,251.59,30.73,42.4,True,OK
Hardware_Item_010,Hardware,10.59,2.04,179.9,34.67,False,UNSTABLE
Hardware_Item_011,Hardware,5.54,5.05,32.88,29.97,False,UNSTABLE
Hardware_Item_012,Hardware,53.2,18.76,145.31,51.23,False,UNSTABLE
Hardware_Item_013,Hardware,29.22,9.39,172.08,55.3,False,UNSTABLE
Hardware_Item_014,Hardware,245.54,127.18,93.45,48.4,False,UNSTABLE
Hardware_Item_015,Hardware,116.44,75.02,40.61,26.16,False,UNSTABLE
Hardware_Item_016,Hardware,104.96,44.99,53.41,22.89,False,UNSTABLE
Hardware_Item_017,Hardware,3.37,5.45,45.7,73.83,True,OK
Hardware_Item_018,Hardware,4.77,7.14,57.82,86.66,True,OK
Hardware_Item_019,Hardware,17.62,15.09,167.82,143.7,False,UNSTABLE
Hardware_Item_020,Hardware,9.33,11.21,74.77,89.81,True,OK
Hardware_Item_021,Hardware,29.25,28.55,102.95,100.51,False,UNSTABLE
Hardware_Item_022,Hardware,6.91,9.5,93.97,129.16,True,OK
Hardware_Item_023,Hardware,6.64,8.27,74.85,93.19,True,OK
Hardware_Item_024,Hardware,71.78,56.34,30.55,23.98,False,UNSTABLE
Hardware_Item_025,Hardware,183.0,125.34,90.63,62.07,False,UNSTABLE
Hardware_Item_026,Hardware,283.06,92.39,74.99,24.48,False,UNSTABLE
Hardware_Item_027,Hardware,34.17,34.77,56.04,57.02,True,OK
Hardware_Item_028,Hardware,14.2,1.22,115.61,9.97,False,UNSTABLE
Hardware_Item_029,Hardware,17.22,17.22,73.81,73.82,True,OK
Hardware_Item_030,Hardware,44.76,23.92,65.61,35.06,False,UNSTABLE
Hardware_Item_031,Hardware,16.33,15.62,77.96,74.58,False,UNSTABLE
Hardware_Item_032,Hardware,6.41,5.26,516.73,423.93,False,UNSTABLE
Hardware_Item_033,Hardware,12.89,2.61,70.28,14.26,False,UNSTABLE
Hardware_Item_034,Hardware,48.9,48.78,210.63,210.14,False,UNSTABLE
Hardware_Item_035,Hardware,485.41,413.06,63.99,54.45,False,UNSTABLE
Hardware_Item_036,Hardware,509.64,372.48,72.62,53.08,False,UNSTABLE
Hardware_Item_037,Hardware,363.67,208.09,51.78,29.63,False,UNSTABLE
Hardware_Item_038,Hardware,675.68,236.96,92.98,32.61,False,UNSTABLE
Hardware_Item_039,Hardware,87.29,101.55,81.68,95.02,True,OK
Hardware_Item_040,Hardware,76.64,31.24,103.62,42.24,False,UNSTABLE
Hardware_Item_041,Hardware,113.67,52.18,90.95,41.75,False,UNSTABLE
Hardware_Item_042,Hardware,141.46,47.55,93.29,31.36,False,UNSTABLE
Hardware_Item_044,Hardware,133.17,128.65,88.26,85.27,False,UNSTABLE
Healthcare_Item_003,Healthcare,963.11,810.64,198.76,167.3,False,UNSTABLE
Healthcare_Item_008,Healthcare,91.3,41.78,309.27,141.53,False,UNSTABLE
Healthcare_Item_010,Healthcare,936.47,204.94,307.92,67.39,False,UNSTABLE
Healthcare_Item_013,Healthcare,237.53,171.44,185.78,134.1,False,UNSTABLE
Healthcare_Item_014,Healthcare,426.26,234.59,195.17,107.41,False,UNSTABLE
Home_Appliances_Item_001,Home_Appliances,8612.87,9865.77,121.75,139.46,True,OK
Home_Appliances_Item_002,Home_Appliances,55250.64,44721.36,177.35,143.55,False,UNSTABLE
Home_Appliances_Item_003,Home_Appliances,35195.47,54467.12,82.02,126.94,True,OK
Home_Appliances_Item_004,Home_Appliances,4065.73,3109.13,143.5,109.73,False,UNSTABLE
Home_Appliances_Item_006,Home_Appliances,3568.1,3979.11,60.69,67.68,True,OK
Home_Appliances_Item_007,Home_Appliances,79102.07,61101.01,177.98,137.48,False,UNSTABLE
Home_Appliances_Item_008,Home_Appliances,4315.57,9530.65,38.46,84.93,True,OK
Home_Appliances_Item_009,Home_Appliances,9905.28,8164.97,31.43,25.91,False,UNSTABLE
Home_Appliances_Item_010,Home_Appliances,16923.22,22086.95,50.81,66.31,True,OK
Home_Appliances_Item_011,Home_Appliances,133406.85,112268.28,59.32,49.92,False,UNSTABLE
Home_Appliances_Item_012,Home_Appliances,22343.16,20784.61,47.59,44.27,False,UNSTABLE
Home_Appliances_Item_013,Home_Appliances,89694.64,85561.87,50.28,47.96,False,UNSTABLE
Home_Appliances_Item_014,Home_Appliances,4577.81,4448.78,95.08,92.4,False,UNSTABLE
Home_Appliances_Item_015,Home_Appliances,27624.42,5196.15,94.35,17.75,False,UNSTABLE
Home_Appliances_Item_016,Home_Appliances,141980.69,105163.56,36.83,27.28,False,UNSTABLE
Home_Appliances_Item_017,Home_Appliances,15879.04,8266.4,58.89,30.66,False,UNSTABLE
Home_Appliances_Item_018,Home_Appliances,83882.98,68624.89,166.35,136.09,False,UNSTABLE
Home_Appliances_Item_019,Home_Appliances,1660.57,3883.73,61.21,143.15,True,OK
Home_Appliances_Item_020,Home_Appliances,2578.33,1504.99,70.21,40.98,False,UNSTABLE
Home_Appliances_Item_021,Home_Appliances,3.29,3.98,34.92,42.22,True,OK
Home_Appliances_Item_022,Home_Appliances,228.07,29.44,84.53,10.91,False,UNSTABLE
Home_Appliances_Item_023,Home_Appliances,33.47,143.53,61.37,263.13,True,OK
Home_Appliances_Item_024,Home_Appliances,4697.44,4005.83,71.41,60.9,False,UNSTABLE
Home_Appliances_Item_025,Home_Appliances,2214.8,2008.32,33.32,30.22,False,UNSTABLE
Home_Appliances_Item_026,Home_Appliances,13049.89,20550.75,128.36,202.14,True,OK
Home_Appliances_Item_027,Home_Appliances,1485.82,866.03,108.87,63.45,False,UNSTABLE
Home_Appliances_Item_028,Home_Appliances,10896.95,4464.86,82.74,33.9,False,UNSTABLE
Home_Appliances_Item_029,Home_Appliances,22822.81,12523.31,95.32,52.3,False,UNSTABLE
Home_Appliances_Item_030,Home_Appliances,78316.43,80622.58,94.4,97.18,True,OK
Home_Appliances_Item_031,Home_Appliances,49440.31,69282.03,44.24,62.0,True,OK
Home_Appliances_Item_032,Home_Appliances,11765.07,5938.43,132.88,67.07,False,UNSTABLE
Home_Appliances_Item_033,Home_Appliances,385.44,1478.74,86.39,331.44,True,OK
Home_Appliances_Item_034,Home_Appliances,4103.98,15993.54,55.89,217.82,True,OK
Home_Appliances_Item_035,Home_Appliances,2306.35,5185.56,52.13,117.21,True,OK
Home_Appliances_Item_036,Home_Appliances,54126.09,32659.86,62.45,37.68,False,UNSTABLE
Home_Appliances_Item_037,Home_Appliances,29124.79,28357.83,122.39,119.17,False,UNSTABLE
Home_Appliances_Item_038,Home_Appliances,162315.12,199760.27,80.12,98.6,True,OK
Home_Appliances_Item_039,Home_Appliances,177329.02,128192.56,103.35,74.72,False,UNSTABLE
Home_Appliances_Item_040,Home_Appliances,124205.21,125996.03,61.06,61.94,True,OK
Home_Appliances_Item_041,Home_Appliances,653649.48,379890.34,86.51,50.28,False,UNSTABLE
Home_Appliances_Item_042,Home_Appliances,35743.61,27688.75,45.54,35.28,False,UNSTABLE
Home_Appliances_Item_043,Home_Appliances,20458.83,23003.62,40.03,45.01,True,OK
Home_Appliances_Item_044,Home_Appliances,24601.17,12416.39,61.79,31.19,False,UNSTABLE
Home_Appliances_Item_045,Home_Appliances,132877.14,182585.6,59.84,82.23,True,OK
Home_Appliances_Item_046,Home_Appliances,269873.1,615927.48,48.06,109.7,True,OK
Home_Appliances_Item_047,Home_Appliances,180604.61,177082.84,81.63,80.03,False,UNSTABLE
Home_Appliances_Item_048,Home_Appliances,155124.14,347443.04,76.29,170.87,True,OK
Home_Appliances_Item_049,Home_Appliances,3880.7,3628.59,87.9,82.19,False,UNSTABLE
Home_Appliances_Item_050,Home_Appliances,5122.31,5400.62,83.53,88.07,True,OK
Home_Appliances_Item_051,Home_Appliances,50419.82,60311.69,57.56,68.85,True,OK
Home_Appliances_Item_052,Home_Appliances,61842.95,48476.8,100.63,78.88,False,UNSTABLE
Home_Appliances_Item_053,Home_Appliances,55211.63,55901.7,133.4,135.06,True,OK
Home_Appliances_Item_054,Home_Appliances,74741.58,25083.19,120.22,40.35,False,UNSTABLE
Home_Appliances_Item_055,Home_Appliances,345368.27,415346.24,103.21,124.12,True,OK
Home_Appliances_Item_056,Home_Appliances,23316.35,33166.25,97.98,139.38,True,OK
Home_Appliances_Item_057,Home_Appliances,15967.51,10992.42,137.61,94.73,False,UNSTABLE
Home_Appliances_Item_058,Home_Appliances,16569.28,47784.24,80.61,232.46,True,OK
Home_Appliances_Item_059,Home_Appliances,29558.46,35590.26,81.44,98.05,True,OK
Home_Appliances_Item_060,Home_Appliances,4.4,4.18,54.65,51.93,False,UNSTABLE
Home_Appliances_Item_061,Home_Appliances,4457.52,4894.73,89.15,97.89,True,OK
Home_Appliances_Item_062,Home_Appliances,4000.95,3227.49,84.92,68.5,False,UNSTABLE
Home_Appliances_Item_063,Home_Appliances,8548.49,5682.58,87.1,57.9,False,UNSTABLE
Home_Appliances_Item_064,Home_Appliances,6582.63,9789.45,78.12,116.18,True,OK
Home_Appliances_Item_065,Home_Appliances,71974.99,42291.15,73.13,42.97,False,UNSTABLE
Home_Appliances_Item_066,Home_Appliances,43926.74,42634.1,80.13,77.77,False,UNSTABLE
Home_Appliances_Item_067,Home_Appliances,6132.72,19711.46,87.73,281.97,True,OK
Home_Appliances_Item_068,Home_Appliances,4219.0,3214.55,239.72,182.64,False,UNSTABLE
Home_Appliances_Item_069,Home_Appliances,1213.38,1632.99,73.37,98.74,True,OK
Home_Appliances_Item_070,Home_Appliances,10.08,12.64,42.89,53.78,True,OK
Home_Appliances_Item_071,Home_Appliances,18.36,12.53,79.81,54.48,False,UNSTABLE
Home_Appliances_Item_072,Home_Appliances,4.43,6.39,75.13,108.35,True,OK
Home_Appliances_Item_073,Home_Appliances,6.66,13.8,45.24,93.75,True,OK
Home_Appliances_Item_074,Home_Appliances,4.41,6.67,47.06,71.19,True,OK
Home_Appliances_Item_075,Home_Appliances,4952.32,5000.0,70.94,71.62,True,OK
Home_Appliances_Item_076,Home_Appliances,4434.69,4082.48,37.5,34.52,False,UNSTABLE
Home_Appliances_Item_077,Home_Appliances,144862.55,130782.9,184.71,166.76,False,UNSTABLE
Home_Appliances_Item_078,Home_Appliances,13891.79,12706.63,147.81,135.2,False,UNSTABLE
Home_Appliances_Item_079,Home_Appliances,96131.86,44158.8,88.16,40.5,False,UNSTABLE
Home_Appliances_Item_080,Home_Appliances,66731.01,63179.64,175.78,166.42,False,UNSTABLE
Home_Appliances_Item_081,Home_Appliances,9906.1,8779.71,120.89,107.14,False,UNSTABLE
Home_Appliances_Item_082,Home_Appliances,4781.24,6846.53,39.12,56.02,True,OK
Home_Appliances_Item_083,Home_Appliances,6794.05,10557.38,95.2,147.94,True,OK
Home_Appliances_Item_084,Home_Appliances,43432.34,28722.81,35.01,23.15,False,UNSTABLE
Home_Appliances_Item_085,Home_Appliances,98533.65,19895.56,86.8,17.53,False,UNSTABLE
Home_Appliances_Item_086,Home_Appliances,234990.33,146176.98,45.63,28.38,False,UNSTABLE
Home_Appliances_Item_087,Home_Appliances,18356.88,55218.13,43.75,131.59,True,OK
Home_Appliances_Item_088,Home_Appliances,1953.94,2101.59,309.13,332.49,True,OK
Home_Appliances_Item_089,Home_Appliances,6143.69,7144.35,277.12,322.26,True,OK
Home_Appliances_Item_090,Home_Appliances,2004.35,7937.25,279.55,1107.04,True,OK
Home_Appliances_Item_091,Home_Appliances,10416.33,9652.29,115.5,107.03,False,UNSTABLE
Home_Appliances_Item_092,Home_Appliances,13445.63,14465.48,90.99,97.89,True,OK
Home_Appliances_Item_093,Home_Appliances,13741.74,40841.16,75.63,224.77,True,OK
Home_Appliances_Item_094,Home_Appliances,7949.77,5000.0,26.66,16.77,False,UNSTABLE
Home_Appliances_Item_095,Home_Appliances,9638.07,11365.15,102.67,121.06,True,OK
Home_Appliances_Item_096,Home_Appliances,162870.79,161757.53,77.99,77.46,False,UNSTABLE
Home_Appliances_Item_097,Home_Appliances,2632.96,2071.63,101.92,80.19,False,UNSTABLE
Home_Appliances_Item_098,Home_Appliances,27851.66,15486.55,122.87,68.32,False,UNSTABLE
Home_Appliances_Item_100,Home_Appliances,4267.63,1870.83,82.25,36.06,False,UNSTABLE
Home_Appliances_Item_101,Home_Appliances,35109.54,1020.62,181.91,5.29,False,UNSTABLE
Home_Appliances_Item_102,Home_Appliances,18325.4,12549.9,57.07,39.08,False,UNSTABLE
Home_Appliances_Item_103,Home_Appliances,5762.33,6041.52,201.29,211.04,True,OK
Home_Appliances_Item_104,Home_Appliances,4.4,6.16,73.97,103.72,True,OK
Home_Appliances_Item_105,Home_Appliances,18.0,28.76,166.2,265.48,True,OK
Home_Appliances_Item_106,Home_Appliances,2.54,2.27,100.96,90.23,False,UNSTABLE
Home_Appliances_Item_107,Home_Appliances,1.55,2.24,138.62,200.07,True,OK
Home_Appliances_Item_108,Home_Appliances,18235.04,21626.57,78.05,92.57,True,OK
Home_Appliances_Item_109,Home_Appliances,23288.97,27386.13,72.28,84.99,True,OK
Home_Appliances_Item_110,Home_Appliances,43647.81,59441.85,90.31,122.98,True,OK
Home_Appliances_Item_111,Home_Appliances,36142.66,32914.03,120.48,109.71,False,UNSTABLE
Home_Appliances_Item_112,Home_Appliances,19723.6,24494.9,83.86,104.15,True,OK
Kitchenware_Item_001,Kitchenware,102.15,85.0,257.93,214.62,False,UNSTABLE
Kitchenware_Item_002,Kitchenware,37.45,18.34,250.37,122.59,False,UNSTABLE
Kitchenware_Item_003,Kitchenware,36.8,87.85,80.81,192.93,True,OK
Kitchenware_Item_004,Kitchenware,61.31,59.05,88.14,84.89,False,UNSTABLE
Kitchenware_Item_005,Kitchenware,30.54,16.6,140.84,76.56,False,UNSTABLE
Kitchenware_Item_006,Kitchenware,73.94,63.71,133.4,114.95,False,UNSTABLE
Kitchenware_Item_007,Kitchenware,53.38,9.38,89.32,15.7,False,UNSTABLE
Lighting_Item_001,Lighting,4.01,4.49,54.79,61.39,True,OK
Lighting_Item_002,Lighting,8.82,6.27,185.95,132.17,False,UNSTABLE
Lighting_Item_003,Lighting,42.94,65.48,36.85,56.19,True,OK
Lighting_Item_004,Lighting,18.2,22.14,51.66,62.87,True,OK
Lighting_Item_005,Lighting,48.38,19.35,113.14,45.26,False,UNSTABLE
Lighting_Item_006,Lighting,6.02,8.8,44.84,65.62,True,OK
Medicine_Item_002,Medicine,1.25,0.71,176.48,100.17,False,UNSTABLE
Medicine_Item_004,Medicine,115.95,103.91,103.49,92.75,False,UNSTABLE
Medicine_Item_005,Medicine,3861.32,359.41,127.48,11.87,False,UNSTABLE
Medicine_Item_006,Medicine,448.75,46.91,79.04,8.26,False,UNSTABLE
Medicine_Item_007,Medicine,189.52,584.64,324.88,1002.23,True,OK
Medicine_Item_008,Medicine,269.14,380.0,91.01,128.49,True,OK
Medicine_Item_009,Medicine,45.9,31.89,78.68,54.66,False,UNSTABLE
Medicine_Item_010,Medicine,57.31,52.44,61.89,56.64,False,UNSTABLE
Medicine_Item_011,Medicine,269.59,285.54,65.4,69.27,True,OK
Medicine_Item_012,Medicine,208.25,221.77,43.39,46.21,True,OK
Medicine_Item_013,Medicine,181.67,197.84,79.95,87.07,True,OK
Mobile_Devices_Item_001,Mobile_Devices,1468.65,1701.85,72.88,84.45,True,OK
Personal_Care_Item_001,Personal_Care,823.79,822.6,177.94,177.68,False,UNSTABLE
Personal_Care_Item_002,Personal_Care,401.1,321.46,76.19,61.06,False,UNSTABLE
Personal_Care_Item_003,Personal_Care,142.32,321.46,60.83,137.4,True,OK
Personal_Care_Item_004,Personal_Care,324.54,380.79,94.22,110.55,True,OK
Personal_Care_Item_005,Personal_Care,24.58,23.18,80.96,76.33,False,UNSTABLE
Personal_Care_Item_006,Personal_Care,70.26,69.08,131.92,129.71,False,UNSTABLE
Personal_Care_Item_007,Personal_Care,44.76,66.2,63.81,94.38,True,OK
Personal_Care_Item_008,Personal_Care,230.22,215.97,199.9,187.53,False,UNSTABLE
Personal_Care_Item_009,Personal_Care,126.77,184.89,70.78,103.23,True,OK
Personal_Care_Item_010,Personal_Care,179.1,275.73,116.3,179.04,True,OK
Personal_Care_Item_011,Personal_Care,1339.51,1070.83,108.77,86.95,False,UNSTABLE
Personal_Care_Item_013,Personal_Care,5.46,8.82,57.15,92.33,True,OK
Personal_Care_Item_014,Personal_Care,191.79,189.38,77.81,76.84,False,UNSTABLE
Personal_Care_Item_015,Personal_Care,113.02,125.3,92.19,102.21,True,OK
Personal_Care_Item_016,Personal_Care,934.42,1254.48,54.72,73.46,True,OK
Personal_Care_Item_017,Personal_Care,7.68,14.58,56.65,107.54,True,OK
Personal_Care_Item_018,Personal_Care,19.34,24.46,104.64,132.37,True,OK
Personal_Care_Item_019,Personal_Care,23.04,17.35,49.75,37.47,False,UNSTABLE
Personal_Care_Item_020,Personal_Care,562.02,552.46,50.34,49.48,False,UNSTABLE
Personal_Care_Item_021,Personal_Care,10.66,11.66,104.06,113.88,True,OK
Personal_Care_Item_022,Personal_Care,159.45,239.36,56.08,84.19,True,OK
Personal_Care_Item_023,Personal_Care,14.7,32.87,148.11,331.21,True,OK
Personal_Care_Item_024,Personal_Care,268.05,386.59,331.16,477.6,True,OK
Personal_Care_Item_025,Personal_Care,215.15,166.38,235.18,181.88,False,UNSTABLE
Personal_Care_Item_026,Personal_Care,1136.2,1585.17,31.7,44.23,True,OK
Personal_Care_Item_027,Personal_Care,35.73,36.23,71.55,72.56,True,OK
Personal_Care_Item_028,Personal_Care,42.49,10.51,80.79,19.99,False,UNSTABLE
Personal_Care_Item_029,Personal_Care,136.22,139.68,266.51,273.29,True,OK
Personal_Care_Item_030,Personal_Care,73.53,16.46,80.39,17.99,False,UNSTABLE
Personal_Care_Item_031,Personal_Care,18.53,18.48,98.7,98.44,False,UNSTABLE
Personal_Care_Item_032,Personal_Care,295.07,304.57,71.71,74.02,True,OK
Personal_Care_Item_033,Personal_Care,70.58,96.69,92.08,126.15,True,OK
Personal_Care_Item_034,Personal_Care,132.1,64.29,50.86,24.75,False,UNSTABLE
Personal_Care_Item_035,Personal_Care,3.25,1.41,168.59,73.43,False,UNSTABLE
Personal_Care_Item_036,Personal_Care,2.08,1.08,55.03,28.59,False,UNSTABLE
Personal_Care_Item_037,Personal_Care,9.67,8.14,57.83,48.7,False,UNSTABLE
Personal_Care_Item_038,Personal_Care,437.26,141.36,158.05,51.09,False,UNSTABLE
Personal_Care_Item_039,Personal_Care,30898.65,47189.74,166.99,255.04,True,OK
Personal_Care_Item_040,Personal_Care,59.45,195.49,30.99,101.9,True,OK
Personal_Care_Item_041,Personal_Care,72.45,81.65,41.55,46.83,True,OK
Personal_Care_Item_042,Personal_Care,139.81,146.57,211.71,221.95,True,OK
Personal_Care_Item_043,Personal_Care,251.49,201.49,114.22,91.51,False,UNSTABLE
Personal_Care_Item_044,Personal_Care,122.34,83.67,107.89,73.78,False,UNSTABLE
Personal_Care_Item_045,Personal_Care,239.82,165.78,100.86,69.72,False,UNSTABLE
Personal_Care_Item_046,Personal_Care,517.52,274.14,79.16,41.93,False,UNSTABLE
Personal_Care_Item_047,Personal_Care,3126.66,1710.3,88.15,48.22,False,UNSTABLE
Personal_Care_Item_048,Personal_Care,100.81,207.48,67.46,138.84,True,OK
Personal_Care_Item_049,Personal_Care,296.0,296.0,253.44,253.44,False,UNSTABLE
Personal_Care_Item_050,Personal_Care,120.17,176.68,121.29,178.33,True,OK
Personal_Care_Item_051,Personal_Care,858.97,414.0,116.31,56.06,False,UNSTABLE
Personal_Care_Item_052,Personal_Care,18788.32,18790.63,1050.28,1050.41,True,OK
Personal_Care_Item_053,Personal_Care,526.67,509.7,145.71,141.02,False,UNSTABLE
Personal_Care_Item_054,Personal_Care,284.57,204.46,70.07,50.34,False,UNSTABLE
Personal_Care_Item_055,Personal_Care,17.23,24.82,42.31,60.95,True,OK
Personal_Care_Item_056,Personal_Care,23.16,35.8,25.9,40.02,True,OK
Personal_Care_Item_057,Personal_Care,127.99,153.41,292.02,350.0,True,OK
Personal_Care_Item_058,Personal_Care,2871.81,3977.86,37.66,52.17,True,OK
Personal_Care_Item_059,Personal_Care,984.51,1095.45,75.73,84.27,True,OK
Pet_Supplies_Item_001,Pet_Supplies,105.86,156.84,77.25,114.45,True,OK
Pet_Supplies_Item_002,Pet_Supplies,97.26,145.14,53.7,80.13,True,OK
Pet_Supplies_Item_003,Pet_Supplies,54.17,35.82,102.9,68.05,False,UNSTABLE
Pet_Supplies_Item_004,Pet_Supplies,16.88,10.98,74.58,48.54,False,UNSTABLE
Snacks_Item_001,Snacks,1.3,1.22,65.09,61.24,False,UNSTABLE
Snacks_Item_002,Snacks,41.79,39.54,59.83,56.6,False,UNSTABLE
Snacks_Item_003,Snacks,10.27,7.94,37.9,29.3,False,UNSTABLE
Snacks_Item_004,Snacks,4.76,8.18,59.88,102.9,True,OK
Snacks_Item_005,Snacks,42.37,73.63,163.09,283.39,True,OK
Snacks_Item_006,Snacks,12.17,18.54,36.37,55.41,True,OK
Snacks_Item_007,Snacks,1.77,1.96,55.0,60.96,True,OK
Snacks_Item_008,Snacks,14.14,10.18,81.12,58.43,False,UNSTABLE
Snacks_Item_009,Snacks,880.9,816.75,68.25,63.28,False,UNSTABLE
Snacks_Item_010,Snacks,379.01,163.3,85.85,36.99,False,UNSTABLE
Snacks_Item_011,Snacks,89.46,93.54,135.74,141.92,True,OK
Snacks_Item_012,Snacks,721.41,718.43,95.36,94.97,False,UNSTABLE
Snacks_Item_013,Snacks,214.36,203.87,374.67,356.34,False,UNSTABLE
Snacks_Item_014,Snacks,8008.61,6090.43,45.48,34.59,False,UNSTABLE
Snacks_Item_015,Snacks,2002.45,4869.46,83.66,203.44,True,OK
Snacks_Item_016,Snacks,8118.69,3456.4,34.51,14.69,False,UNSTABLE
Snacks_Item_017,Snacks,5681.33,10582.97,48.62,90.57,True,OK
Snacks_Item_018,Snacks,4424.21,4297.82,148.34,144.11,False,UNSTABLE
Snacks_Item_019,Snacks,309.09,511.53,36.4,60.25,True,OK
Snacks_Item_020,Snacks,51823.46,33799.09,41.76,27.23,False,UNSTABLE
Snacks_Item_021,Snacks,108507.37,15760.76,97.09,14.1,False,UNSTABLE
Snacks_Item_022,Snacks,46458.22,21551.2,68.58,31.81,False,UNSTABLE
Snacks_Item_023,Snacks,164723.39,11503.84,300.7,21.0,False,UNSTABLE
Snacks_Item_024,Snacks,658.12,1737.69,197.44,521.31,True,OK
Snacks_Item_025,Snacks,12785.26,17073.57,20.73,27.69,True,OK
Snacks_Item_026,Snacks,199988.05,213624.21,1270.13,1356.74,True,OK
Snacks_Item_027,Snacks,4310.5,6615.04,68.02,104.39,True,OK
Snacks_Item_028,Snacks,13529.31,9771.81,199.51,144.1,False,UNSTABLE
Snacks_Item_029,Snacks,171.36,265.36,112.82,174.71,True,OK
Snacks_Item_030,Snacks,2551.92,4816.46,36.25,68.41,True,OK
Snacks_Item_031,Snacks,213771.15,170390.51,4641.59,3699.67,False,UNSTABLE
Snacks_Item_032,Snacks,1265.43,2800.45,44.99,99.56,True,OK
Snacks_Item_033,Snacks,3562.81,3571.76,1915.49,1920.3,True,OK
Snacks_Item_034,Snacks,682.68,686.78,83.4,83.91,True,OK
Snacks_Item_035,Snacks,951.36,978.09,101.53,104.38,True,OK
Snacks_Item_036,Snacks,8910.12,2999.51,108.31,36.46,False,UNSTABLE
Snacks_Item_037,Snacks,15993.49,19501.92,129.74,158.19,True,OK
Snacks_Item_038,Snacks,4663.98,2841.07,53.96,32.87,False,UNSTABLE
Snacks_Item_039,Snacks,24588.8,48768.36,27.26,54.06,True,OK
Snacks_Item_040,Snacks,3355.6,3547.36,232.7,245.99,True,OK
Snacks_Item_041,Snacks,62203.5,28048.52,115.28,51.98,False,UNSTABLE
Snacks_Item_042,Snacks,44446.15,9908.41,82.17,18.32,False,UNSTABLE
Snacks_Item_043,Snacks,19170.05,13677.19,209.64,149.57,False,UNSTABLE
Snacks_Item_044,Snacks,424.36,329.14,42.51,32.98,False,UNSTABLE
Snacks_Item_046,Snacks,1228.98,1190.24,361.06,349.67,False,UNSTABLE
Snacks_Item_047,Snacks,1179.4,555.28,104.41,49.16,False,UNSTABLE
Snacks_Item_048,Snacks,8255.13,14657.65,85.5,151.81,True,OK
Snacks_Item_049,Snacks,1919.47,3136.61,46.19,75.48,True,OK
Snacks_Item_050,Snacks,720.04,2115.81,64.7,190.11,True,OK
Snacks_Item_051,Snacks,351.16,428.17,85.42,104.15,True,OK
Snacks_Item_052,Snacks,2535.14,3243.45,54.2,69.34,True,OK
Snacks_Item_053,Snacks,261.36,197.91,102.8,77.84,False,UNSTABLE
Snacks_Item_054,Snacks,15.1,17.52,250.86,291.05,True,OK
Snacks_Item_055,Snacks,9.88,3.21,101.8,33.13,False,UNSTABLE
Snacks_Item_056,Snacks,2.45,11.37,101.5,470.89,True,OK
Snacks_Item_057,Snacks,39.92,37.41,89.72,84.08,False,UNSTABLE
Sports_Item_001,Sports,1330.66,1732.05,35.62,46.36,True,OK
Sports_Item_002,Sports,4343.43,5972.16,106.57,146.54,True,OK
Sports_Item_003,Sports,680.08,577.35,34.0,28.87,False,UNSTABLE
Sports_Item_004,Sports,688.88,302.77,93.23,40.98,False,UNSTABLE
Sports_Item_005,Sports,3.41,7.71,38.04,86.07,True,OK
Sports_Item_006,Sports,21.42,10.5,79.17,38.79,False,UNSTABLE
Sports_Item_007,Sports,2.01,5.0,44.02,109.7,True,OK
Sports_Item_008,Sports,15.93,8.35,152.55,79.93,False,UNSTABLE
Sports_Item_009,Sports,2335.15,3052.87,247.74,323.88,True,OK
Sports_Item_010,Sports,8317.32,13346.91,60.53,97.13,True,OK
Sports_Item_011,Sports,101791.8,113964.18,51.85,58.05,True,OK
Sports_Item_012,Sports,139018.12,86709.28,57.75,36.02,False,UNSTABLE
Sports_Item_013,Sports,115401.94,76272.54,72.98,48.23,False,UNSTABLE
Sports_Item_014,Sports,84498.41,33296.65,54.59,21.51,False,UNSTABLE
Sports_Item_015,Sports,1392.85,1000.0,120.53,86.54,False,UNSTABLE
Sports_Item_016,Sports,2636.06,2558.65,143.64,139.42,False,UNSTABLE
Sports_Item_017,Sports,13008.62,12560.79,570.84,551.19,False,UNSTABLE
Sports_Item_018,Sports,80553.43,51332.25,65.42,41.69,False,UNSTABLE
Sports_Item_019,Sports,96558.72,108372.04,39.03,43.81,True,OK
Sports_Item_021,Sports,160871.92,225934.73,159.05,223.37,True,OK
Sports_Item_022,Sports,23067.43,22796.2,118.97,117.57,False,UNSTABLE
Sports_Item_023,Sports,473.52,1754.99,197.95,733.64,True,OK
Sports_Item_024,Sports,103979.84,175837.99,132.06,223.33,True,OK
Sports_Item_025,Sports,3850.04,2505.99,71.76,46.71,False,UNSTABLE
Sports_Item_026,Sports,45063.9,191767.22,96.6,411.09,True,OK
Sports_Item_027,Sports,5335.78,2284.0,60.71,25.99,False,UNSTABLE
Sports_Item_028,Sports,11531.74,8484.69,216.82,159.53,False,UNSTABLE
Sports_Item_029,Sports,74937.99,67399.31,44.19,39.74,False,UNSTABLE
Sports_Item_030,Sports,1720387.94,1379514.83,50.16,40.22,False,UNSTABLE
Sports_Item_031,Sports,155010.39,149513.1,83.06,80.11,False,UNSTABLE
Sports_Item_032,Sports,53833.52,34246.65,40.99,26.08,False,UNSTABLE
Sports_Item_033,Sports,21256.9,23986.11,61.91,69.86,True,OK
Sports_Item_034,Sports,1758.26,1400.0,62.67,49.9,False,UNSTABLE
Sports_Item_035,Sports,3818.28,3640.74,411.93,392.78,False,UNSTABLE
Sports_Item_036,Sports,42274.36,37671.83,93.29,83.13,False,UNSTABLE
Sports_Item_037,Sports,1335.53,711.22,26.47,14.1,False,UNSTABLE
Sports_Item_038,Sports,957.64,867.23,55.2,49.99,False,UNSTABLE
Sports_Item_040,Sports,29906.83,51728.36,55.09,95.29,True,OK
Sports_Item_041,Sports,388264.21,270609.75,130.77,91.15,False,UNSTABLE
Sports_Item_042,Sports,7670.58,6593.87,57.59,49.51,False,UNSTABLE
Sports_Item_044,Sports,5947.38,6763.14,96.07,109.25,True,OK
Sports_Item_045,Sports,40700.05,84877.36,48.67,101.49,True,OK
Sports_Item_046,Sports,19232.29,15673.76,83.62,68.15,False,UNSTABLE
Sports_Item_047,Sports,37316.83,18581.17,216.93,108.02,False,UNSTABLE
Sports_Item_048,Sports,2179.94,1484.36,103.99,70.81,False,UNSTABLE
Sports_Item_049,Sports,6826.83,7359.8,77.61,83.67,True,OK
Sports_Item_050,Sports,2772.29,2236.07,66.83,53.91,False,UNSTABLE
Sports_Item_051,Sports,5377.63,10916.35,70.24,142.58,True,OK
Sports_Item_052,Sports,18940.5,19235.38,824.83,837.67,True,OK
Sports_Item_053,Sports,3975.29,4937.1,61.16,75.96,True,OK
Sports_Item_054,Sports,547.21,305.51,24.38,13.61,False,UNSTABLE
Sports_Item_055,Sports,10774.61,9412.04,21.99,19.21,False,UNSTABLE
Sports_Item_056,Sports,12460.46,8202.95,24.91,16.4,False,UNSTABLE
Sports_Item_057,Sports,572.1,480.2,37.39,31.39,False,UNSTABLE
Sports_Item_058,Sports,457.97,324.45,38.16,27.03,False,UNSTABLE
Sports_Item_059,Sports,13962.83,6292.06,80.9,36.46,False,UNSTABLE
Sports_Item_060,Sports,1521.52,1669.83,66.05,72.48,True,OK
Sports_Item_061,Sports,7625.09,3887.16,50.65,25.82,False,UNSTABLE
Sports_Item_062,Sports,2130.31,4656.36,90.44,197.68,True,OK
Sports_Item_063,Sports,4091.11,11175.2,105.35,287.77,True,OK
Sports_Item_064,Sports,9599.77,8805.87,34.7,31.83,False,UNSTABLE
Sports_Item_065,Sports,5524.88,5709.64,116.81,120.72,True,OK
Sports_Item_066,Sports,50440.87,41350.13,147.47,120.89,False,UNSTABLE
Sports_Item_067,Sports,6507.96,4747.63,109.11,79.59,False,UNSTABLE
Sports_Item_068,Sports,8595.89,11210.11,30.57,39.87,True,OK
Sports_Item_069,Sports,1631.82,574.46,175.19,61.67,False,UNSTABLE
Sports_Item_070,Sports,55592.96,74614.57,51.87,69.61,True,OK
Sports_Item_071,Sports,5582.72,7527.84,42.05,56.7,True,OK
Sports_Item_072,Sports,1779.56,349.4,110.83,21.76,False,UNSTABLE
Sports_Item_073,Sports,20707.25,20742.07,75.13,75.26,True,OK
Sports_Item_074,Sports,463.6,204.12,75.02,33.03,False,UNSTABLE
Sports_Item_075,Sports,80.9,65.04,43.0,34.57,False,UNSTABLE
Sports_Item_076,Sports,12.72,7.56,116.78,69.44,False,UNSTABLE
Sports_Item_077,Sports,6.29,2.45,74.95,29.2,False,UNSTABLE
Sports_Item_078,Sports,126.82,82.11,58.18,37.67,False,UNSTABLE
Sports_Item_081,Sports,7371.4,8000.73,428.02,464.56,True,OK
Sports_Item_082,Sports,17985.09,12754.08,110.99,78.71,False,UNSTABLE
Sports_Item_083,Sports,4839.74,5416.03,38.66,43.26,True,OK
Sports_Item_084,Sports,1727.1,2384.67,184.68,254.99,True,OK
Sports_Item_085,Sports,1059.61,1296.79,375.68,459.77,True,OK
Sports_Item_086,Sports,1282.92,1923.97,157.81,236.66,True,OK
Sports_Item_087,Sports,982.22,1017.35,180.13,186.57,True,OK
Sports_Item_088,Sports,37236.33,23123.08,90.07,55.93,False,UNSTABLE
Sports_Item_089,Sports,3309.4,3210.92,177.29,172.01,False,UNSTABLE
Sports_Item_090,Sports,16.98,15.35,109.68,99.12,False,UNSTABLE
Sports_Item_091,Sports,11.64,20.69,90.56,161.01,True,OK
Sports_Item_092,Sports,10.11,3.24,107.29,34.38,False,UNSTABLE
Sports_Item_094,Sports,3.01,1.91,164.04,104.45,False,UNSTABLE
Sports_Item_095,Sports,605.71,947.8,108.31,169.47,True,OK
Sports_Item_096,Sports,180.57,376.39,71.44,148.9,True,OK
Sports_Item_097,Sports,680.82,365.15,305.79,164.01,False,UNSTABLE
Sports_Item_098,Sports,774.8,416.33,93.33,50.15,False,UNSTABLE
Sports_Item_099,Sports,16233.19,13436.58,242.58,200.79,False,UNSTABLE
Sports_Item_100,Sports,2260.39,2524.88,50.75,56.69,True,OK
Sports_Item_102,Sports,2489.99,3266.24,46.38,60.84,True,OK
Sports_Item_103,Sports,1357.06,1187.43,42.29,37.0,False,UNSTABLE
Sports_Item_104,Sports,108770.3,64367.43,63.03,37.3,False,UNSTABLE
Sports_Item_105,Sports,2335.58,2257.95,73.58,71.14,False,UNSTABLE
Sports_Item_106,Sports,571.19,927.36,101.93,165.49,True,OK
Sports_Item_107,Sports,25505.69,18055.47,37.54,26.57,False,UNSTABLE
Sports_Item_108,Sports,10178.85,10808.95,107.15,113.78,True,OK
Sports_Item_109,Sports,999.24,822.6,32.68,26.91,False,UNSTABLE
Sports_Item_110,Sports,1042.15,1311.49,75.95,95.57,True,OK
Sports_Item_111,Sports,1200.29,297.21,54.1,13.4,False,UNSTABLE
Sports_Item_112,Sports,991.41,897.22,85.38,77.27,False,UNSTABLE
Sports_Item_113,Sports,2506.44,2483.28,150.39,149.0,False,UNSTABLE
Sports_Item_114,Sports,237.08,378.59,57.11,91.21,True,OK
Sports_Item_115,Sports,565.94,336.65,103.25,61.42,False,UNSTABLE
Sports_Item_116,Sports,1584.05,1825.86,84.03,96.85,True,OK
Sports_Item_117,Sports,9919.49,9326.93,87.86,82.61,False,UNSTABLE
Sports_Item_118,Sports,6639.76,5307.23,70.03,55.97,False,UNSTABLE
Sports_Item_119,Sports,5324.88,11923.37,53.64,120.11,True,OK
Sports_Item_120,Sports,531.69,754.98,58.47,83.03,True,OK
Sports_Item_121,Sports,9570.22,9551.27,23.38,23.34,False,UNSTABLE
Sports_Item_122,Sports,4737.82,4373.21,219.04,202.19,False,UNSTABLE
Sports_Item_123,Sports,41140.89,31830.28,106.2,82.16,False,UNSTABLE
Sports_Item_124,Sports,104726.11,82512.63,53.69,42.3,False,UNSTABLE
Sports_Item_125,Sports,24757.71,40832.99,110.33,181.97,True,OK
Sports_Item_126,Sports,4442.67,5000.0,128.98,145.16,True,OK
Sports_Item_127,Sports,7672.42,5033.22,64.43,42.27,False,UNSTABLE
Sports_Item_128,Sports,27675.87,35100.88,27.97,35.48,True,OK
Sports_Item_129,Sports,835.57,3295.45,45.48,179.39,True,OK
Sports_Item_130,Sports,29348.99,26035.23,33.56,29.77,False,UNSTABLE
Sports_Item_131,Sports,3547.08,4281.74,97.23,117.37,True,OK
Sports_Item_132,Sports,3959.53,3805.48,84.85,81.55,False,UNSTABLE
Sports_Item_133,Sports,4760.91,5147.82,57.77,62.47,True,OK
Sports_Item_134,Sports,7549.93,3055.05,137.5,55.64,False,UNSTABLE
Sports_Item_135,Sports,1958.87,2465.43,156.25,196.65,True,OK
Sports_Item_136,Sports,597.23,549.24,167.87,154.38,False,UNSTABLE
Sports_Item_137,Sports,3836.09,987.42,305.53,78.64,False,UNSTABLE
Sports_Item_138,Sports,6089.27,8640.99,77.19,109.53,True,OK
Sports_Item_139,Sports,98636.93,118317.37,63.75,76.47,True,OK
Sports_Item_140,Sports,142377.86,96344.0,54.82,37.1,False,UNSTABLE
Sports_Item_141,Sports,31254.82,19043.81,117.31,71.48,False,UNSTABLE
Sports_Item_142,Sports,7439.74,5154.29,80.22,55.58,False,UNSTABLE
Sports_Item_143,Sports,114338.16,133712.38,71.88,84.06,True,OK
Sports_Item_144,Sports,4713.68,3770.78,289.67,231.72,False,UNSTABLE
Sports_Item_145,Sports,25366.07,23988.5,77.26,73.07,False,UNSTABLE
Sports_Item_146,Sports,9187.38,13565.83,62.95,92.95,True,OK
Sports_Item_147,Sports,967795.85,2545188.34,49.21,129.41,True,OK
Sports_Item_148,Sports,587935.13,519539.22,317.18,280.28,False,UNSTABLE
Sports_Item_149,Sports,26709.18,58348.09,60.5,132.17,True,OK
Sports_Item_150,Sports,36770.86,58328.77,108.17,171.59,True,OK
Sports_Item_151,Sports,781746.65,920399.82,45.0,52.98,True,OK
Sports_Item_152,Sports,68884.25,26854.55,41.97,16.36,False,UNSTABLE
Sports_Item_153,Sports,56880.97,14770.47,49.1,12.75,False,UNSTABLE
Sports_Item_154,Sports,1841532.18,2111990.96,38.24,43.86,True,OK
Sports_Item_155,Sports,34651.47,3760.76,323.01,35.06,False,UNSTABLE
Sports_Item_156,Sports,30439.02,34664.85,11.52,13.12,True,OK
Sports_Item_157,Sports,400.33,501.66,61.94,77.62,True,OK
Sports_Item_158,Sports,587.21,506.62,64.45,55.6,False,UNSTABLE
Sports_Item_159,Sports,34701.77,18592.29,72.84,39.03,False,UNSTABLE
Sports_Item_160,Sports,1779.11,1794.44,67.32,67.9,True,OK
Sports_Item_161,Sports,2645.16,2521.57,336.88,321.14,False,UNSTABLE
Sports_Item_162,Sports,59853.32,47791.2,72.74,58.08,False,UNSTABLE
Sports_Item_163,Sports,1899.41,2369.25,62.77,78.3,True,OK
Sports_Item_164,Sports,533.06,648.07,30.02,36.49,True,OK
Sports_Item_165,Sports,1332.59,1016.53,43.59,33.25,False,UNSTABLE
Sports_Item_166,Sports,889.74,912.87,138.46,142.06,True,OK
Sports_Item_167,Sports,2204.75,2698.46,452.69,554.06,True,OK
Sports_Item_168,Sports,58298.47,56852.06,26.33,25.68,False,UNSTABLE
Sports_Item_169,Sports,387490.77,711323.41,63.1,115.84,True,OK
Sports_Item_170,Sports,917493.57,1232710.77,69.46,93.33,True,OK
Sports_Item_171,Sports,7860.87,5730.04,32.48,23.67,False,UNSTABLE
Sports_Item_172,Sports,21957.09,28638.55,54.89,71.6,True,OK
Sports_Item_173,Sports,214866.61,328628.46,163.14,249.52,True,OK
Sports_Item_174,Sports,48733.85,87015.32,107.55,192.02,True,OK
Sports_Item_175,Sports,36583.58,59966.66,25.8,42.3,True,OK
Sports_Item_176,Sports,50267.8,38925.14,52.68,40.79,False,UNSTABLE
Sports_Item_177,Sports,11210.97,7106.34,70.71,44.82,False,UNSTABLE
Sports_Item_178,Sports,14556.89,15356.87,155.97,164.54,True,OK
Sports_Item_179,Sports,58229.85,27742.87,155.43,74.05,False,UNSTABLE
Sports_Item_180,Sports,686105.06,651319.17,44.05,41.82,False,UNSTABLE
Sports_Item_181,Sports,6894.04,7831.88,60.02,68.18,True,OK
Sports_Item_182,Sports,10192.51,3546.59,64.34,22.39,False,UNSTABLE
Sports_Item_183,Sports,359.21,216.02,90.24,54.27,False,UNSTABLE
Sports_Item_184,Sports,200641.06,108111.82,22.46,12.1,False,UNSTABLE
Sports_Item_185,Sports,201178.71,146168.85,90.1,65.47,False,UNSTABLE
Sports_Item_186,Sports,21172.65,23540.74,86.09,95.72,True,OK
Sports_Item_187,Sports,260408.74,224545.84,67.97,58.61,False,UNSTABLE
Sports_Item_188,Sports,857.52,2086.46,64.49,156.92,True,OK
Sports_Item_189,Sports,28208.66,6071.52,146.24,31.48,False,UNSTABLE
Sports_Item_190,Sports,12972.37,6867.8,98.11,51.94,False,UNSTABLE
Sports_Item_191,Sports,352626.51,263057.3,20.97,15.64,False,UNSTABLE
Sports_Item_192,Sports,432862.71,310827.11,29.74,21.36,False,UNSTABLE
Sports_Item_193,Sports,42377.45,18511.26,77.41,33.81,False,UNSTABLE
Sports_Item_194,Sports,8405.47,11503.48,30.42,41.64,True,OK
Sports_Item_195,Sports,64823.26,42071.37,29.25,18.99,False,UNSTABLE
Sports_Item_196,Sports,1689.91,1505.75,170.97,152.34,False,UNSTABLE
Sports_Item_197,Sports,538.56,585.41,234.06,254.42,True,OK
Sports_Item_198,Sports,1517.39,1140.77,186.7,140.36,False,UNSTABLE
Sports_Item_199,Sports,275192.95,218164.17,21.21,16.81,False,UNSTABLE
Sports_Item_200,Sports,226062.43,261987.01,11.18,12.95,True,OK
Sports_Item_201,Sports,3766.79,577.35,23.14,3.55,False,UNSTABLE
Sports_Item_202,Sports,7608.13,7373.15,39.95,38.72,False,UNSTABLE
Sports_Item_203,Sports,15327.78,19723.59,122.68,157.86,True,OK
Sports_Item_204,Sports,151238.14,173918.0,172.37,198.21,True,OK
Sports_Item_205,Sports,1444.56,3113.41,75.22,162.13,True,OK
Sports_Item_206,Sports,906.6,889.76,57.87,56.79,False,UNSTABLE
Sports_Item_207,Sports,5427.52,838.65,22.77,3.52,False,UNSTABLE
Sports_Item_208,Sports,1975.24,2150.58,46.52,50.65,True,OK
Sports_Item_209,Sports,17180.94,20372.37,169.58,201.08,True,OK
Sports_Item_210,Sports,2447.81,3212.22,101.29,132.92,True,OK
Sports_Item_211,Sports,5150.74,3546.12,76.58,52.72,False,UNSTABLE
Sports_Item_212,Sports,2711.78,1955.33,53.46,38.55,False,UNSTABLE
Sports_Item_213,Sports,4229.0,2665.52,47.54,29.96,False,UNSTABLE
Sports_Item_214,Sports,54797.61,58824.75,658.16,706.53,True,OK
Sports_Item_215,Sports,846.2,2176.77,76.28,196.24,True,OK
Sports_Item_216,Sports,817.12,279.88,177.21,60.7,False,UNSTABLE
Sports_Item_217,Sports,50965.78,42289.01,59.78,49.61,False,UNSTABLE
Sports_Item_218,Sports,1506.36,752.77,85.81,42.88,False,UNSTABLE
Sports_Item_219,Sports,18255.7,16401.58,36.54,32.83,False,UNSTABLE
Sports_Item_220,Sports,40221.33,36143.03,25.88,23.26,False,UNSTABLE
Sports_Item_221,Sports,96890.37,112446.34,52.15,60.52,True,OK
Sports_Item_246,Sports,1057043.68,486548.56,35.9,16.52,False,UNSTABLE
Sports_Item_247,Sports,763089.89,1084035.67,74.06,105.22,True,OK
Sports_Item_248,Sports,82748.64,5431.39,149.73,9.83,False,UNSTABLE
Sports_Item_249,Sports,11561.84,12429.8,30.43,32.71,True,OK
Sports_Item_250,Sports,13238.1,6557.44,41.15,20.39,False,UNSTABLE
Sports_Item_251,Sports,20038.6,25544.08,66.1,84.26,True,OK
Sports_Item_252,Sports,32980.18,24135.04,82.52,60.39,False,UNSTABLE
Sports_Item_253,Sports,77240.64,164213.28,100.69,214.07,True,OK
Sports_Item_254,Sports,49780.9,48940.44,109.36,107.52,False,UNSTABLE
Sports_Item_255,Sports,138311.16,213441.25,10.87,16.78,True,OK
Sports_Item_256,Sports,34815.19,5700.88,101.86,16.68,False,UNSTABLE
Sports_Item_257,Sports,14616.14,14719.6,219.04,220.59,True,OK
Sports_Item_258,Sports,14168.6,15832.46,304.4,340.15,True,OK
Sports_Item_259,Sports,45763.47,95515.27,124.67,260.2,True,OK
Sports_Item_260,Sports,176039.4,224220.87,59.73,76.08,True,OK
Sports_Item_261,Sports,302366.37,225532.7,67.09,50.04,False,UNSTABLE
Sports_Item_262,Sports,17255.41,18027.76,48.94,51.13,True,OK
Sports_Item_263,Sports,49731.45,40938.98,163.05,134.23,False,UNSTABLE
Sports_Item_264,Sports,3372383.34,3015419.29,42.6,38.09,False,UNSTABLE
Sports_Item_265,Sports,166863.43,166043.67,16.33,16.25,False,UNSTABLE
Sports_Item_266,Sports,839.68,310.91,95.06,35.2,False,UNSTABLE
Sports_Item_267,Sports,3109.91,1085.51,97.07,33.88,False,UNSTABLE
Sports_Item_269,Sports,4014.08,4132.39,29.49,30.36,True,OK
Sports_Item_270,Sports,13021.79,9030.69,47.41,32.88,False,UNSTABLE
Sports_Item_271,Sports,10883.13,26302.72,45.88,110.88,True,OK
Sports_Item_272,Sports,6805.9,2380.48,133.6,46.73,False,UNSTABLE
Sports_Item_273,Sports,20179.06,29129.37,77.52,111.91,True,OK
Sports_Item_274,Sports,19332.07,15913.67,32.84,27.04,False,UNSTABLE
Sports_Item_275,Sports,33751.34,22149.94,163.5,107.3,False,UNSTABLE
Sports_Item_276,Sports,37284.96,42000.0,64.89,73.09,True,OK
Sports_Item_277,Sports,53494.93,159659.53,53.26,158.95,True,OK
Sports_Item_278,Sports,57552.93,35407.16,125.21,77.03,False,UNSTABLE
Sports_Item_279,Sports,147748.36,106906.7,15.81,11.44,False,UNSTABLE
Sports_Item_280,Sports,269501.86,195772.59,19.65,14.27,False,UNSTABLE
Sports_Item_281,Sports,6213.31,3253.2,44.98,23.55,False,UNSTABLE
Sports_Item_282,Sports,29482.38,48777.93,46.39,76.75,True,OK
Sports_Item_283,Sports,112645.86,54447.12,27.95,13.51,False,UNSTABLE
Sports_Item_284,Sports,233122.81,188430.3,17.29,13.98,False,UNSTABLE
Sports_Item_285,Sports,2931.13,3493.33,21.37,25.46,True,OK
Sports_Item_286,Sports,4465.87,5492.27,74.29,91.37,True,OK
Sports_Item_287,Sports,12046.56,7013.86,116.44,67.8,False,UNSTABLE
Sports_Item_288,Sports,2484.16,2822.9,122.87,139.63,True,OK
Sports_Item_289,Sports,20780.38,37015.2,29.43,52.41,True,OK
Sports_Item_290,Sports,76584.98,71303.85,54.73,50.96,False,UNSTABLE
Sports_Item_291,Sports,2419.47,1524.8,68.26,43.02,False,UNSTABLE
Sports_Item_292,Sports,6748.42,1291.64,150.52,28.81,False,UNSTABLE
Sports_Item_293,Sports,9463.15,5831.24,48.76,30.04,False,UNSTABLE
Sports_Item_294,Sports,10664.53,39085.87,24.71,90.56,True,OK
Sports_Item_295,Sports,348002.32,103658.9,41.72,12.43,False,UNSTABLE
Sports_Item_296,Sports,238924.75,360147.42,45.25,68.2,True,OK
Sports_Item_297,Sports,4542.46,3674.23,150.22,121.51,False,UNSTABLE
Sports_Item_298,Sports,138529.56,144625.95,77.1,80.49,True,OK
Sports_Item_299,Sports,30370.74,40276.13,47.82,63.42,True,OK
Sports_Item_300,Sports,23951.15,16693.31,69.72,48.6,False,UNSTABLE
Sports_Item_301,Sports,38858.49,38201.22,77.63,76.32,False,UNSTABLE
Sports_Item_302,Sports,26708.71,32158.46,109.02,131.26,True,OK
Sports_Item_303,Sports,7511.33,22013.93,16.01,46.91,True,OK
Sports_Item_304,Sports,32911.81,53433.35,61.87,100.44,True,OK
Sports_Item_305,Sports,330670.09,261369.47,53.9,42.6,False,UNSTABLE
Sports_Item_306,Sports,37090.36,16360.52,59.37,26.19,False,UNSTABLE
Sports_Item_307,Sports,10277.53,3135.81,214.32,65.39,False,UNSTABLE
Sports_Item_308,Sports,1446.57,1154.7,142.03,113.37,False,UNSTABLE
Sports_Item_309,Sports,406585.38,397180.69,1164.14,1137.21,False,UNSTABLE
Sports_Item_310,Sports,20944.35,25612.5,150.0,183.43,True,OK
Sports_Item_311,Sports,6647.39,17091.08,33.07,85.02,True,OK
Sports_Item_312,Sports,39543.2,66796.47,14.1,23.81,True,OK
Sports_Item_313,Sports,191.88,694.02,34.54,124.92,True,OK
Sports_Item_314,Sports,1971.6,2042.47,535.01,554.24,True,OK
Sports_Item_315,Sports,10448.39,1337.29,219.07,28.04,False,UNSTABLE
Sports_Item_316,Sports,12034.63,5216.16,81.74,35.43,False,UNSTABLE
Sports_Item_317,Sports,2223.73,2156.77,94.33,91.49,False,UNSTABLE
Sports_Item_318,Sports,23953.28,32618.14,77.96,106.16,True,OK
Sports_Item_319,Sports,1997.0,1963.84,80.9,79.56,False,UNSTABLE
Sports_Item_320,Sports,56940.4,49644.2,46.35,40.41,False,UNSTABLE
Sports_Item_321,Sports,18159.01,30460.69,60.65,101.73,True,OK
Sports_Item_322,Sports,10304.45,18473.72,43.92,78.74,True,OK
Sports_Item_323,Sports,6543.31,7531.05,51.81,59.63,True,OK
Sports_Item_324,Sports,6322.11,6136.64,44.32,43.02,False,UNSTABLE
Sports_Item_325,Sports,10913.16,9566.09,59.45,52.11,False,UNSTABLE
Sports_Item_326,Sports,15966.89,23217.7,51.85,75.39,True,OK
Sports_Item_327,Sports,2274.66,2251.67,127.02,125.74,False,UNSTABLE
Sports_Item_328,Sports,1138.47,3075.71,123.75,334.32,True,OK
Sports_Item_329,Sports,29221.33,10294.82,133.99,47.2,False,UNSTABLE
Sports_Item_330,Sports,1199.46,1095.45,255.0,232.89,False,UNSTABLE
Sports_Item_331,Sports,14939.85,20424.37,39.78,54.38,True,OK
Sports_Item_332,Sports,57255.62,51620.15,31.96,28.81,False,UNSTABLE
Sports_Item_333,Sports,98149.91,166461.21,12.85,21.8,True,OK
Sports_Item_334,Sports,1698016.13,1557043.62,110.07,100.94,False,UNSTABLE
Sports_Item_335,Sports,23010.2,20824.66,127.19,115.11,False,UNSTABLE
Sports_Item_336,Sports,1425.38,1224.74,91.16,78.33,False,UNSTABLE
Sports_Item_337,Sports,48639.48,49178.25,48.92,49.46,True,OK
Sports_Item_338,Sports,7090.29,10567.24,35.06,52.26,True,OK
Sports_Item_339,Sports,57835.7,47300.46,211.88,173.29,False,UNSTABLE
Sports_Item_340,Sports,48764.11,78635.23,130.1,209.8,True,OK
Sports_Item_341,Sports,56610.34,37367.54,25.1,16.57,False,UNSTABLE
Sports_Item_342,Sports,11987.27,9530.65,35.1,27.91,False,UNSTABLE
Sports_Item_343,Sports,7498.26,8612.01,256.39,294.48,True,OK
Sports_Item_344,Sports,2839.47,2768.87,67.55,65.87,False,UNSTABLE
Sports_Item_345,Sports,8199.4,6658.33,123.33,100.15,False,UNSTABLE
Sports_Item_346,Sports,4122.19,3937.0,420.15,401.27,False,UNSTABLE
Sports_Item_347,Sports,4757.94,4708.15,98.5,97.47,False,UNSTABLE
Sports_Item_348,Sports,1216.94,3000.0,54.31,133.88,True,OK
Sports_Item_349,Sports,3759.78,5099.02,38.09,51.66,True,OK
Sports_Item_350,Sports,1519.84,1000.0,77.45,50.96,False,UNSTABLE
Sports_Item_351,Sports,5483.45,6843.49,395.53,493.63,True,OK
Sports_Item_352,Sports,36608.47,38098.56,25.57,26.61,True,OK
Sports_Item_353,Sports,724288.52,713360.94,47.34,46.62,False,UNSTABLE
Sports_Item_354,Sports,23411.92,45110.97,6.54,12.59,True,OK
Sports_Item_355,Sports,553400.54,485959.02,47.45,41.67,False,UNSTABLE
Sports_Item_356,Sports,7733.8,5139.39,44.88,29.83,False,UNSTABLE
Sports_Item_357,Sports,14548.05,9915.14,18.98,12.93,False,UNSTABLE
Sports_Item_358,Sports,53923.14,36359.06,16.08,10.84,False,UNSTABLE
Sports_Item_359,Sports,1619.76,2458.57,38.56,58.52,True,OK
Sports_Item_360,Sports,19277.63,29362.62,25.3,38.54,True,OK
Sports_Item_361,Sports,22875.52,14403.18,41.95,26.41,False,UNSTABLE
Sports_Item_362,Sports,29071.99,13788.28,72.22,34.25,False,UNSTABLE
Sports_Item_363,Sports,192275.29,27303.75,183.83,26.1,False,UNSTABLE
Sports_Item_364,Sports,171.38,138.44,67.72,54.71,False,UNSTABLE
Sports_Item_365,Sports,35312.33,42178.94,26.08,31.15,True,OK
Sports_Item_366,Sports,17339.59,16246.13,34.2,32.04,False,UNSTABLE
Sports_Item_367,Sports,324068.49,45614.33,152.56,21.47,False,UNSTABLE
Sports_Item_368,Sports,71081.95,68260.53,77.7,74.62,False,UNSTABLE
Sports_Item_369,Sports,11122.18,9246.62,51.73,43.01,False,UNSTABLE
Sports_Item_370,Sports,4056.65,6892.02,32.07,54.49,True,OK
Sports_Item_371,Sports,15959.07,24329.3,23.03,35.11,True,OK
Sports_Item_372,Sports,144720.14,264614.25,44.01,80.47,True,OK
Sports_Item_373,Sports,5727.89,6119.1,165.68,177.0,True,OK
Sports_Item_374,Sports,39783.92,7696.32,130.09,25.17,False,UNSTABLE
Sports_Item_375,Sports,1268.11,4214.46,52.0,172.8,True,OK
Sports_Item_376,Sports,2670.72,3255.25,111.11,135.43,True,OK
Sports_Item_377,Sports,3926.33,4455.89,216.13,245.28,True,OK
Sports_Item_378,Sports,249.52,297.21,49.67,59.16,True,OK
Sports_Item_379,Sports,3632.2,3857.68,96.01,101.97,True,OK
Sports_Item_380,Sports,8817.09,15235.59,27.29,47.16,True,OK
Sports_Item_381,Sports,74263.3,67176.38,38.42,34.75,False,UNSTABLE
Sports_Item_382,Sports,1050558.33,473031.71,79.73,35.9,False,UNSTABLE
Sports_Item_383,Sports,4956.99,4725.82,30.66,29.23,False,UNSTABLE
Sports_Item_384,Sports,10387.92,12027.75,87.38,101.17,True,OK
Sports_Item_385,Sports,58095.74,44613.15,93.65,71.92,False,UNSTABLE
Sports_Item_386,Sports,6284.53,9110.43,183.01,265.3,True,OK
Sports_Item_387,Sports,28215.65,38453.44,60.9,82.99,True,OK
Sports_Item_388,Sports,29941.44,16083.12,77.49,41.62,False,UNSTABLE
Sports_Item_389,Sports,3559.92,3582.36,158.55,159.55,True,OK
Sports_Item_390,Sports,3672.9,3979.11,127.14,137.74,True,OK
Sports_Item_391,Sports,25971.87,29944.39,170.2,196.24,True,OK
Sports_Item_392,Sports,2898.32,4707.62,41.18,66.88,True,OK
Sports_Item_393,Sports,1319.18,1427.12,89.72,97.06,True,OK
Sports_Item_394,Sports,3220.24,3998.28,30.49,37.86,True,OK
Sports_Item_395,Sports,28877.95,21416.41,42.55,31.56,False,UNSTABLE
Sports_Item_396,Sports,6925.78,9738.75,115.68,162.66,True,OK
Sports_Item_397,Sports,8668.61,8277.1,73.99,70.65,False,UNSTABLE
Sports_Item_398,Sports,122618.4,107406.34,66.19,57.98,False,UNSTABLE
Sports_Item_399,Sports,512.16,350.59,164.02,112.28,False,UNSTABLE
Sports_Item_400,Sports,364.17,703.56,159.81,308.74,True,OK
Sports_Item_401,Sports,2749.47,2189.94,90.15,71.8,False,UNSTABLE
Sports_Item_402,Sports,2613.88,1927.33,155.11,114.37,False,UNSTABLE
Sports_Item_403,Sports,5289.21,12159.53,36.11,83.01,True,OK
Sports_Item_404,Sports,379183.58,348633.51,75.81,69.7,False,UNSTABLE
Sports_Item_405,Sports,6750.19,5567.76,79.98,65.97,False,UNSTABLE
Sports_Item_406,Sports,3671.39,3338.54,322.37,293.14,False,UNSTABLE
Sports_Item_407,Sports,13002.14,19068.95,129.01,189.2,True,OK
Sports_Item_408,Sports,421.26,803.64,46.27,88.28,True,OK
Sports_Item_409,Sports,24180.92,27233.56,80.88,91.09,True,OK
Sports_Item_410,Sports,24375.11,16851.66,54.07,37.38,False,UNSTABLE
Sports_Item_411,Sports,4886.22,2419.02,57.62,28.53,False,UNSTABLE
Sports_Item_412,Sports,12198.72,14059.4,105.91,122.06,True,OK
Sports_Item_413,Sports,3077.32,4898.98,68.24,108.64,True,OK
Sports_Item_414,Sports,30459.06,15854.39,15.36,8.0,False,UNSTABLE
Sports_Item_415,Sports,90515.92,89683.66,59.38,58.83,False,UNSTABLE
Sports_Item_416,Sports,9199.06,11295.57,75.74,93.01,True,OK
Sports_Item_417,Sports,11740.47,9711.33,45.71,37.81,False,UNSTABLE
Sports_Item_418,Sports,2805.04,4020.99,77.23,110.71,True,OK
Sports_Item_419,Sports,341.36,1080.89,159.88,506.24,True,OK
Sports_Item_420,Sports,14172.89,2510.64,74.88,13.26,False,UNSTABLE
Sports_Item_421,Sports,7393.89,8643.4,45.99,53.76,True,OK
Sports_Item_422,Sports,73620.74,89499.53,32.22,39.16,True,OK
Sports_Item_423,Sports,66555.77,48218.25,31.45,22.78,False,UNSTABLE
Sports_Item_424,Sports,6020.29,2798.81,83.36,38.75,False,UNSTABLE
Sports_Item_425,Sports,24012.12,22416.51,83.55,78.0,False,UNSTABLE
Sports_Item_426,Sports,5403.79,15811.39,105.87,309.77,True,OK
Sports_Item_428,Sports,136880.19,209823.74,39.63,60.75,True,OK
Sports_Item_429,Sports,7401.66,11825.11,96.31,153.87,True,OK
Sports_Item_430,Sports,11040.13,9907.91,135.24,121.37,False,UNSTABLE
Sports_Item_431,Sports,341.71,542.95,67.53,107.3,True,OK
Sports_Item_432,Sports,702.55,1097.2,30.86,48.2,True,OK
Sports_Item_433,Sports,949.46,1232.93,75.54,98.09,True,OK
Sports_Item_434,Sports,1981.08,3419.41,37.96,65.52,True,OK
Sports_Item_435,Sports,9248.95,9065.13,100.29,98.3,False,UNSTABLE
Sports_Item_436,Sports,1576.58,5879.77,162.57,606.28,True,OK
Sports_Item_437,Sports,2426.87,2510.15,59.86,61.91,True,OK
Sports_Item_438,Sports,1146.92,812.4,92.43,65.47,False,UNSTABLE
Sports_Item_439,Sports,687.2,893.5,68.21,88.68,True,OK
Sports_Item_440,Sports,1482.29,1551.75,161.54,169.11,True,OK
Sports_Item_441,Sports,9089.48,10045.92,41.55,45.92,True,OK
Sports_Item_442,Sports,7117.1,5353.35,48.71,36.64,False,UNSTABLE
Sports_Item_443,Sports,11084.57,8070.83,74.12,53.97,False,UNSTABLE
Sports_Item_444,Sports,4622.25,6231.64,77.04,103.86,True,OK
Sports_Item_445,Sports,3369.34,3027.65,102.22,91.85,False,UNSTABLE
Sports_Item_446,Sports,1061.75,1602.63,94.49,142.63,True,OK
Sports_Item_447,Sports,3824.01,1778.11,83.64,38.89,False,UNSTABLE
Sports_Item_448,Sports,1175.38,3841.87,41.08,134.28,True,OK
Sports_Item_449,Sports,6878.92,3955.43,121.69,69.97,False,UNSTABLE
Sports_Item_450,Sports,46678.94,64596.08,68.49,94.77,True,OK
Sports_Item_451,Sports,2139.2,1706.85,32.08,25.59,False,UNSTABLE
Sports_Item_452,Sports,1360.59,1399.26,51.58,53.04,True,OK
Sports_Item_453,Sports,778.04,1091.63,206.73,290.05,True,OK
Sports_Item_454,Sports,6008.83,3245.77,19.39,10.47,False,UNSTABLE
Sports_Item_455,Sports,6765.1,8944.06,203.38,268.88,True,OK
Sports_Item_456,Sports,64001.9,72476.41,15.89,17.99,True,OK
Sports_Item_457,Sports,36036.88,35276.53,16.2,15.85,False,UNSTABLE
Sports_Item_458,Sports,23799.6,24610.3,36.94,38.2,True,OK
Sports_Item_459,Sports,1776.31,2005.82,108.02,121.98,True,OK
Sports_Item_461,Sports,747.46,232.74,199.57,62.14,False,UNSTABLE
Sports_Item_462,Sports,4109.56,4563.4,58.69,65.17,True,OK
Sports_Item_463,Sports,2399.79,2480.02,265.84,274.73,True,OK
Sports_Item_464,Sports,1091.94,1101.32,162.44,163.83,True,OK
Sports_Item_465,Sports,2743.61,2080.66,183.36,139.05,False,UNSTABLE
Sports_Item_466,Sports,17659.18,30520.43,153.75,265.73,True,OK
Sports_Item_467,Sports,906.35,710.34,77.44,60.69,False,UNSTABLE
Sports_Item_468,Sports,12.25,5.55,197.32,89.41,False,UNSTABLE
Sports_Item_469,Sports,561578.08,53618.64,87.12,8.32,False,UNSTABLE
Sports_Item_470,Sports,21841.48,12972.73,183.14,108.78,False,UNSTABLE
Sports_Item_471,Sports,304.78,535.41,41.52,72.95,True,OK
Sports_Item_472,Sports,247807.18,229415.29,28.45,26.34,False,UNSTABLE
Sports_Item_473,Sports,27022.65,33381.63,52.77,65.19,True,OK
Sports_Item_474,Sports,10489.17,7038.58,69.67,46.75,False,UNSTABLE
Sports_Item_475,Sports,22720.12,18087.75,97.33,77.49,False,UNSTABLE
Sports_Item_476,Sports,326212.4,141466.28,42.12,18.26,False,UNSTABLE
Sports_Item_477,Sports,1589.57,204.12,60.5,7.77,False,UNSTABLE
Sports_Item_479,Sports,22718.62,25433.74,81.42,91.15,True,OK
Sports_Item_480,Sports,49972.09,20477.63,124.81,51.15,False,UNSTABLE
Sports_Item_481,Sports,980.79,912.87,92.11,85.73,False,UNSTABLE
Sports_Item_482,Sports,3.61,4.58,81.34,103.21,True,OK
Sports_Item_483,Sports,1727.39,1556.71,41.57,37.46,False,UNSTABLE
Sports_Item_484,Sports,2648.0,2151.74,43.27,35.16,False,UNSTABLE
Sports_Item_485,Sports,7063.17,5642.1,72.93,58.25,False,UNSTABLE
Sports_Item_486,Sports,17617.3,27037.01,18.8,28.86,True,OK
Sports_Item_487,Sports,2944.32,3570.71,874.88,1061.01,True,OK
Sports_Item_488,Sports,2928.54,2023.2,64.18,44.34,False,UNSTABLE
Sports_Item_489,Sports,550.31,158.11,129.06,37.08,False,UNSTABLE
Sports_Item_490,Sports,4532.15,2581.99,43.55,24.81,False,UNSTABLE
Sports_Item_491,Sports,9190.2,39765.96,55.01,238.04,True,OK
Sports_Item_492,Sports,1654.69,1437.59,62.97,54.71,False,UNSTABLE
Sports_Item_493,Sports,5906.92,408.25,54.46,3.76,False,UNSTABLE
Sports_Item_494,Sports,2569.8,3366.5,83.05,108.8,True,OK
Sports_Item_495,Sports,3015.84,2309.4,66.2,50.69,False,UNSTABLE
Sports_Item_496,Sports,2682.65,2767.9,141.74,146.25,True,OK
Sports_Item_497,Sports,6627.1,13171.37,73.42,145.93,True,OK
Sports_Item_498,Sports,2613.89,2574.88,32.49,32.0,False,UNSTABLE
Sports_Item_499,Sports,46728.85,37040.52,87.86,69.64,False,UNSTABLE
Sports_Item_500,Sports,1439.39,1307.35,84.44,76.69,False,UNSTABLE
Sports_Item_501,Sports,1700.26,2314.81,51.44,70.03,True,OK
Sports_Item_502,Sports,451.47,719.95,47.94,76.44,True,OK
Sports_Item_503,Sports,3465.6,5099.02,38.51,56.66,True,OK
Sports_Item_504,Sports,4205.03,412.31,176.16,17.27,False,UNSTABLE
Sports_Item_505,Sports,25988.33,18129.17,85.52,59.66,False,UNSTABLE
Sports_Item_506,Sports,3203.94,816.5,20.6,5.25,False,UNSTABLE
Sports_Item_507,Sports,1802.4,1825.74,113.17,114.64,True,OK
Sports_Item_508,Sports,5301.87,2950.99,272.81,151.85,False,UNSTABLE
Sports_Item_509,Sports,13426.38,2581.99,288.85,55.55,False,UNSTABLE
Sports_Item_510,Sports,13431.02,9951.97,161.36,119.56,False,UNSTABLE
Sports_Item_511,Sports,4402.26,5488.62,39.89,49.73,True,OK
Sports_Item_512,Sports,3404.53,3359.56,114.26,112.75,False,UNSTABLE
Sports_Item_513,Sports,8092.11,2439.6,167.55,50.51,False,UNSTABLE
Sports_Item_514,Sports,1929.64,1308.94,31.27,21.21,False,UNSTABLE
Sports_Item_515,Sports,4114.6,4654.75,90.56,102.45,True,OK
Sports_Item_516,Sports,683.09,856.35,46.87,58.76,True,OK
Sports_Item_517,Sports,222581.57,399039.47,60.27,108.06,True,OK
Sports_Item_518,Sports,8222.42,7532.26,47.43,43.45,False,UNSTABLE
Sports_Item_519,Sports,26783.14,18730.55,148.19,103.63,False,UNSTABLE
Sports_Item_520,Sports,73.23,102.06,155.24,216.37,True,OK
Sports_Item_521,Sports,18.68,19.88,84.83,90.3,True,OK
Sports_Item_522,Sports,5916.93,5418.33,451.99,413.9,False,UNSTABLE
Sports_Item_523,Sports,4252.45,4539.64,165.44,176.61,True,OK
Sports_Item_524,Sports,650.59,580.23,118.9,106.04,False,UNSTABLE
Sports_Item_525,Sports,2872.78,2756.51,401.89,385.63,False,UNSTABLE
Sports_Item_526,Sports,2872.05,6860.03,50.37,120.31,True,OK
Sports_Item_527,Sports,40950.79,45643.55,47.97,53.47,True,OK
Sports_Item_528,Sports,16337.01,12247.45,27.83,20.86,False,UNSTABLE
Sports_Item_529,Sports,11336.33,11547.01,28.08,28.6,True,OK
Sports_Item_530,Sports,9156.7,5773.5,45.78,28.87,False,UNSTABLE
Sports_Item_531,Sports,14004.26,10000.0,60.5,43.2,False,UNSTABLE
Sports_Item_532,Sports,8656.16,8164.97,46.1,43.48,False,UNSTABLE
Sports_Item_533,Sports,9284.95,4082.48,61.7,27.13,False,UNSTABLE
Toys_Item_001,Toys,7.24,3.87,37.18,19.88,False,UNSTABLE
Toys_Item_002,Toys,1.96,2.2,56.32,63.15,True,OK
Toys_Item_003,Toys,1.09,1.53,45.14,63.45,True,OK
Toys_Item_004,Toys,5.09,4.55,51.44,45.97,False,UNSTABLE
Toys_Item_005,Toys,2.58,1.41,72.85,39.87,False,UNSTABLE
Toys_Item_006,Toys,84.09,71.71,68.73,58.61,False,UNSTABLE
Toys_Item_007,Toys,13.31,11.28,155.53,131.86,False,UNSTABLE
Toys_Item_008,Toys,32.53,37.21,214.37,245.26,True,OK
Toys_Item_009,Toys,79.23,39.64,50.03,25.03,False,UNSTABLE
Toys_Item_010,Toys,19.42,47.29,241.11,587.0,True,OK
Toys_Item_011,Toys,102.5,82.36,29.84,23.98,False,UNSTABLE
Toys_Item_012,Toys,49.79,51.99,308.72,322.33,True,OK
Toys_Item_013,Toys,52.65,44.58,203.35,172.19,False,UNSTABLE
Toys_Item_014,Toys,24.15,34.2,86.32,122.23,True,OK
Toys_Item_015,Toys,5.13,27.59,112.64,605.68,True,OK
Travel_Accessories_Item_001,Travel_Accessories,78.88,60.55,60.42,46.38,False,UNSTABLE
Travel_Accessories_Item_002,Travel_Accessories,137.51,123.3,56.1,50.31,False,UNSTABLE
Travel_Accessories_Item_004,Travel_Accessories,896.74,1327.04,48.14,71.24,True,OK
Travel_Accessories_Item_005,Travel_Accessories,714.72,204.16,46.28,13.22,False,UNSTABLE
Travel_Accessories_Item_006,Travel_Accessories,220.65,18.0,48.47,3.95,False,UNSTABLE
Travel_Accessories_Item_007,Travel_Accessories,833.11,1133.96,27.93,38.02,True,OK
Travel_Accessories_Item_008,Travel_Accessories,168.97,90.4,82.07,43.91,False,UNSTABLE
Travel_Accessories_Item_009,Travel_Accessories,715.02,528.07,53.18,39.27,False,UNSTABLE
Travel_Accessories_Item_010,Travel_Accessories,181.91,140.61,46.2,35.71,False,UNSTABLE
Travel_Accessories_Item_011,Travel_Accessories,11.71,2.45,23.46,4.91,False,UNSTABLE
Travel_Accessories_Item_012,Travel_Accessories,253.97,136.69,71.1,38.26,False,UNSTABLE
Travel_Accessories_Item_013,Travel_Accessories,190.78,27.82,71.58,10.44,False,UNSTABLE
Travel_Accessories_Item_014,Travel_Accessories,207.56,209.01,93.54,94.2,True,OK
Travel_Accessories_Item_015,Travel_Accessories,35.26,35.58,115.83,116.87,True,OK
Travel_Accessories_Item_016,Travel_Accessories,458.84,411.27,110.8,99.31,False,UNSTABLE
Travel_Accessories_Item_017,Travel_Accessories,338.7,206.79,38.57,23.55,False,UNSTABLE
Travel_Accessories_Item_018,Travel_Accessories,163.56,76.92,172.98,81.34,False,UNSTABLE
Travel_Accessories_Item_019,Travel_Accessories,42.7,50.62,120.71,143.08,True,OK
Travel_Accessories_Item_020,Travel_Accessories,141.21,181.87,59.81,77.03,True,OK
Travel_Accessories_Item_021,Travel_Accessories,25.44,27.39,24.04,25.88,True,OK
Travel_Accessories_Item_022,Travel_Accessories,226.55,195.91,43.8,37.88,False,UNSTABLE
Travel_Accessories_Item_023,Travel_Accessories,2020.33,3964.12,110.09,216.0,True,OK
Travel_Accessories_Item_024,Travel_Accessories,159.47,192.25,60.94,73.46,True,OK
Travel_Accessories_Item_025,Travel_Accessories,50.68,30.98,86.42,52.83,False,UNSTABLE
Travel_Accessories_Item_026,Travel_Accessories,164.58,164.12,329.17,328.23,False,UNSTABLE
Travel_Accessories_Item_027,Travel_Accessories,575.15,824.69,72.73,104.29,True,OK
Travel_Accessories_Item_028,Travel_Accessories,56.15,50.97,163.03,147.98,False,UNSTABLE
Travel_Accessories_Item_029,Travel_Accessories,54.11,69.84,94.94,122.53,True,OK
Travel_Accessories_Item_030,Travel_Accessories,102.37,72.08,126.04,88.75,False,UNSTABLE
Travel_Accessories_Item_031,Travel_Accessories,77.3,62.55,68.07,55.08,False,UNSTABLE
Travel_Accessories_Item_032,Travel_Accessories,118.49,103.66,33.4,29.22,False,UNSTABLE
Travel_Accessories_Item_033,Travel_Accessories,277.73,868.94,111.54,348.97,True,OK
Travel_Accessories_Item_034,Travel_Accessories,919.54,113.79,61.28,7.58,False,UNSTABLE
Travel_Accessories_Item_035,Travel_Accessories,96.49,103.17,85.56,91.48,True,OK
Travel_Accessories_Item_036,Travel_Accessories,44.38,74.05,28.84,48.12,True,OK
Travel_Accessories_Item_037,Travel_Accessories,93.96,71.54,73.21,55.75,False,UNSTABLE
Travel_Accessories_Item_038,Travel_Accessories,67.18,16.61,135.87,33.6,False,UNSTABLE
Travel_Accessories_Item_039,Travel_Accessories,96.4,50.85,91.81,48.43,False,UNSTABLE
Travel_Accessories_Item_040,Travel_Accessories,40.73,379.28,83.49,777.57,True,OK
Travel_Accessories_Item_041,Travel_Accessories,22.88,11.22,185.29,90.92,False,UNSTABLE
Travel_Accessories_Item_042,Travel_Accessories,43.93,60.25,89.65,122.96,True,OK
Travel_Accessories_Item_043,Travel_Accessories,10.28,7.35,79.72,57.01,False,UNSTABLE
Travel_Accessories_Item_044,Travel_Accessories,12.1,13.86,78.98,90.46,True,OK
Travel_Accessories_Item_045,Travel_Accessories,31.43,47.07,75.06,112.43,True,OK
Travel_Accessories_Item_046,Travel_Accessories,28.35,21.15,100.28,74.81,False,UNSTABLE
Travel_Accessories_Item_047,Travel_Accessories,2.34,6.48,30.8,85.38,True,OK
Travel_Accessories_Item_048,Travel_Accessories,2.31,2.16,50.45,47.19,False,UNSTABLE
Travel_Accessories_Item_049,Travel_Accessories,29078.52,32516.66,51.59,57.69,True,OK
